SiteID,hasShop,shopBrand,accuracy,Tokens,usedPhotoDate,usedPhotoFileName,isStreetViewPhoto
44001637,True,Nisa,80,2329,2020-11-01,Nisa.png,False
44009495,False,,90,2329,2023-04-01,12 Main St,True
44001460,False,null,100,2845,2023-02,13.png,False
44000865,True,Tesco Express,100,2071,2024-10-01,Screenshot 2024-01-12 at 16.10.56.png,True
44010324,True,,50,2845,2023-06-01,Google Street View,True
44002333,True,Shell Select,100,2587,2024-11-01,Screenshot 2024-04-05 at 19.30.19.png,False
44001104,True,Budgens,95,2329,2022-05-01,Screenshot 2024-01-15 at 16.02.50.png,False
44007730,True,Londis,100,2845,2022-06-01,Essar,False
44002141,True,Esso On the Run,95,1813,2024-01-01,Screenshot 2024-06-08 at 16.55.31.png,False
44006781,True,Spar,95,1297,2022-04-01,Screenshot 2024-01-29 at 20.09.39.png,False
44003902,True,Esso On the Run,90,1039,2023-08-01,image.png,True
44003202,False,,95,1813,2018-02-01,1-Castle Garage.png,True
44011003,True,Spar,95,1297,2022-01-01,Screenshot 2024-05-05 at 10.46.51.png,False
44009602,True,Shell Select,95,2845,2020-12-01,Screenshot 2024-04-29 at 8.58.25 PM.png,False
44003218,True,Londis,95,523,2022-05-01,image.png,True
44008517,True,Spar,95,1039,2022-04-01,Screenshot 2024-04-25 at 14.31.36.png,False
44009474,True,Nisa,80,1555,2023-05-01,Screenshot 2024-02-16 at 21.29.51.png,True
44003223,False,,90,523,2022-06-01,Balaclava Garage.png,True
44008170,True,Shell Select,95,2845,2024-02-01,Shell.png,False
44002817,True,Tesco Express,95,1039,2020-11-01,2020-11-tesco.png,True
44009828,True,EUROSPAR,100,2845,2023-10-01,10.png,False
44002532,True,Tesco Express,95,1297,2024-07-01,screenshot_1.png,True
44003947,True,Morrisons Daily,100,2329,2023-08-01,4.png,True
44010870,False,null,100,1297,2022-08-01,77535794-097a-4223-a227-f25e8791efb0.png,True
44001012,True,Spar,80,2329,2023-07-01,Screenshot 2024-02-29 at 14.28.38.png,False
44001222,True,Spar,90,2845,2019-04-01,2,False
44001122,True,murco,95,2845,2018-12-01,2.png,False
44009646,True,Londis,90,2587,2020-04-01,7,False
44006032,True,Spar,95,2845,2023-11-01,Screenshot 2024-05-03 at 16.23.16.png,False
44000861,True,Spar,95,2845,2023-06-01,Screenshot 2024-01-03 at 18.04.00.png,False
44007128,True,Morrisons Daily,100,2071,2024-08-04,Screenshot 2024-08-04 at 14.23.11.png,True
44004333,True,Londis,100,2845,2020-03-01,5479153447913361984_0_1583170120302.jpg,True
44000423,True,Supermarke,90,523,2022-05-01,image.png,True
44001723,True,Nisa,70,1297,2017-07-01,screenshot_1.png,False
44005619,True,Londis,95,1813,2023-03-01,Esso,True
44002239,True,BP Shop,100,2845,2023-09-01,bp.png,True
44010318,False,null,100,1039,2023-09-01,Screenshot 2024-01-01 at 18.01.35.png,False
44005555,True,Spar,90,1813,2022-04-01,Esso,False
44009195,True,Morrisons Daily,100,523,2024-06-01,04354597-356a-470b-83f5-95807763e464.jpg,True
44000223,True,Londis,100,1813,2021-08-01,Screenshot 2024-01-08 at 14.29.26.png,False
44003032,True,Premier,100,1813,2021-03-01,Texaco,False
44003456,True,Budgens,100,2329,2022-09-01,screenshot_2024-01-17_at_10.46.31.png,False
44008880,True,NETHERBRAE,95,523,2021-10-01,image.png,True
44002740,False,,100,2845,2024-05-01,12.png,True
44004706,True,Gulf,90,1297,2024-06-01,Screenshot 2024-06-17 at 18.02.31.png,False
44004772,True,Spar,85,1039,2022-06-01,Screenshot 2024-05-17 at 17.25.38.png,False
44005333,True,M&S Simply Food,95,2845,2024-07-01,bp,True
44007084,True,M&S Simply Food,100,1297,2023-10-01,Screenshot 2024-01-21 at 10.33.32.png,False
44005391,True,Tesco Express,100,1297,2021-08-01,Tesco Petrol Station,False
44005840,True,Spar,100,2587,2024-03-01,8.png,False
44002354,True,Londis,100,1555,2022-03-01,Screenshot 2024-05-04 at 12.48.39.png,True
44007675,True,Tesco Extra,100,1297,2024-06-01,Screenshot 2024-07-03 at 18.33.16.png,False
44005602,True,Londis,100,2845,2022-11-01,Screenshot 2024-01-21 at 11.25.08.png,False
44000607,True,BP Connect,80,2845,2023-04-01,9.png,False
44008213,True,Shell Select,95,2587,2016-09-01,Shell Select entrance.png,False
44006759,True,Londis,95,2329,2024-06-01,Esso,False
44002410,True,Murco,90,1813,2022-04-01,A487,True
44009020,True,Lifestyle Express,100,1039,2023-08-01,texaco.png,False
44002383,True,Spar,90,1813,2024-05-01,Screenshot 2024-05-20 at 10.17.50.png,True
44010248,True,ASDA,100,2845,2019-11,88888.png,False
44009323,True,Gulf,100,2845,2024-05-01,4.png,False
44006917,True,Shell Shop,95,1555,2021-06-01,3.png,False
44000237,True,M&S Simply Food,100,1555,2024-08-01,56956098618b2524c83539351456b5a47f886075.png,True
44001711,True,Londis,95,2587,2024-03-01,Screenshot 2024-05-03 at 20.44.43.png,True
44008944,True,Other,75,2071,2024-07-01,Screenshot 2024-07-01 at 21.56.19.png,True
44006251,True,Tesco Express,95,2587,2020-03-01,Screenshot 2024-08-18 at 12.26.09.png,False
44002970,True,Londis,100,1555,2024-10-01,Screenshot 2024-11-14 at 10.00.34.png,True
44000044,True,Co-op,95,523,2023-08-01,image.png,True
44000487,True,Shell Select,90,2845,2020-10-01,Screenshot 2024-05-03 at 12.53.33.png,False
44006125,True,M&S Simply Food,100,1813,2024-05-01,Screenshot 2024-05-16 at 16.26.42.png,True
44001323,True,best-one,95,523,2023-06-01,original.png,True
44002614,True,Londis,95,2845,2024-10-01,bp,False
44006103,True,Shell Select,90,2071,2024-06-01,3.png,False
44004524,True,Londis,100,523,2023-06-01,crop_38 Hamilton Rd - Google Maps.png,True
44002926,True,Londis,80,1039,2021-09-01,screenshot_3.png,True
44005705,True,Spar,95,2071,2023-05-01,Petrol Station,True
44005782,True,Morrisons Daily,90,2845,2018-11-01,1.png,False
44010512,True,Spar,100,1555,2024-07-01,2,True
44008386,True,Spar,100,2071,2021-12-01,11.png,False
44005465,True,Shell Select,95,1813,2024-04-01,Screenshot 2024-05-05 at 22.35.45.png,True
44001048,True,Tesco Express,100,781,2023-04-01,Screenshot 2024-05-01 at 11.51.36.png,True
44002307,True,JET essentials,100,2587,2024-03-01,Jet - Petrol Station & Convenienc...,False
44007751,True,M&S Simply Food,100,1297,2023-08-01,3.png,False
44008587,False,N/A,90,2071,2024-06-13,Screenshot_20240613_151609.png,False
44006042,True,M&S Simply Food,95,2071,2020-08-01,bp,False
44006479,True,Spar,80,1813,2021-09-01,3.png,True
44010866,False,,90,1039,2023-07-01,Screenshot 2024-05-05 at 20.17.14.png,True
44007786,True,Shell Select,60,1555,2020-07-01,4.png,False
44008439,True,Local,75,523,2023-03-01,r_147868990.jpg,True
44009857,True,Morrisons Daily,100,2845,2024-10-01,image.png,True
44004373,True,Premier,95,1297,2023-07-01,Screenshot 2024-02-06 at 14.12.00.png,True
44002976,True,Tesco Express,100,2071,2023-09-01,Screenshot 2024-05-02 at 14.46.25.png,False
44009735,True,ASDA,100,1813,2023-08-01,20230814_133703.jpg,False
44002994,True,Londis,100,2071,2024-09-01,325577346-c91943e3-03e6-42c6-99f6-c1f4e3731850.png,True
44006686,True,Costcutter,95,2071,2020-03-01,bp,False
44003130,True,M&S Simply Food,100,2845,2021-09-01,bp.png,False
44009338,True,,50,1039,2023-04-01,Screenshot 2024-05-02 at 11.31.09.png,True
44006592,True,Spar,95,2071,2023-03-01,Screenshot 2024-02-20 at 16.14.05.png,True
44009942,True,Essentials,100,1039,2023-11-01,All,False
44005780,True,ASDA Express,95,2329,2024-03-01,ASDA Petrol Station,False
44010684,True,Circle K Express,100,523,2021-07-01,0000.jpg,True
44009570,True,Shell Select,70,2845,2019-08-01,Shell.jpg,False
44010164,False,N/A,70,1039,2011-05-01,83293,True
44004021,True,ASDA Express,95,523,2024-07-01,ASDA Petrol Station.png,True
44003415,True,Shell Shop,95,2329,2023-04-01,222.png,False
44001291,True,Londis,95,2845,2021-05-01,Screenshot 2024-05-19 at 17.37.17.png,True
44007345,True,Tesco Express,100,1813,2021-03-01,Screenshot 2024-05-07 at 21.56.23.png,False
44002591,True,Spar,100,1555,2023-07-01,Screenshot 2024-02-20 at 10.47.03.png,False
44007484,True,Spar,100,2071,2021-12-01,Screenshot 2024-05-09 at 14.08.43.png,False
44009804,True,Spar,90,1039,2022-04-01,gulf_02.png,False
44009293,True,Spar,95,1297,2024-05-12,Screenshot 2024-05-12 at 21.39.14.png,True
44001571,True,Londis,95,2845,2024-08-01,64e25c36-cc61-4f67-8ef5-b2f22a9572c7.png,True
44005248,True,Tesco Express,95,1555,2022-10-01,image capture_Oct 2022,True
44007819,True,Premier,100,1813,2023-06-01,Screenshot 2024-02-22 at 19.29.42.png,True
44010472,True,Spar,100,1039,2023-06-01,Screenshot 2024-05-03 at 13.35.08.png,True
44002770,True,deli2go,95,2845,2024-05-02,Screenshot 2024-05-02 at 13.15.38.png,False
44010793,True,Post Office,90,1039,2022-06-01,Screenshot 2024-05-18 at 22.32.49.png,True
44009666,True,Esso On the Run,95,1555,2024-07-01,Screenshot 2024-05-09 at 12.57.21.png,True
44010679,True,Nisa,80,1555,2024-08-01,Screenshot 2024-08-24 at 18.01.48.png,True
44007451,True,Nisa,70,1297,2024-09-01,Screenshot 2024-01-12 at 22.49.08.png,True
44010426,False,,100,2845,2024-07-01,1.png,True
44010869,False,N/A,100,2845,2023-01-01,2.png,False
44010589,False,null,95,1555,2024-08-01,a684.png,True
44002013,True,Londis,95,2845,2022-10-01,Esso,False
44008097,True,Premier,95,2845,2023-06-01,Ancaster Service Station,True
44002494,True,Londis,100,2071,2023-08-01,shell-5.png,True
44009401,False,null,100,1297,2023-06-01,41479.png,True
44001386,True,Spar,100,2071,2019-08-01,Texaco,False
44001620,True,Tesco Express,100,2071,2024-08-01,Screenshot 2024-02-01 at 19.07.47.png,True
44006025,True,Nisa Local,100,2845,2023-07-01,Screenshot 2024-02-22 at 16.10.16.png,True
44003573,True,Tesco Express,100,2845,2023-02-01,Screenshot 2024-05-12 at 17.16.48.png,False
44006746,True,Shell Select,95,2845,2023-11,Screenshot 2024-05-08 at 20.55.23.png,False
44003885,True,Tesco Express,100,1297,2022-09-01,Screenshot 2024-01-08 at 11.48.27.png,True
44010251,True,ASDA,100,2845,2018-06-01,8.png,False
44010930,True,Tesco Express,95,1297,2023-06-01,Screenshot 2024-04-29 at 19.25.44.png,False
44001934,True,Londis,100,1813,2023-08-01,bp,True
44001103,True,Premier,95,1039,2017-05-01,Screenshot 2024-05-03 at 18.18.58.png,True
44005973,True,Londis,95,523,2024-06-01,0000.jpg,True
44000210,True,Spar,95,1297,2023-05-01,photo_3.png,True
44006304,True,Spar,95,2587,2024-09-01,Screenshot 2024-05-02 at 8.29.24 PM.png,True
44007821,True,Tesco Express,100,1813,2023-05-01,Screenshot 2024-01-27 at 22.03.47.png,True
44005011,True,Spar,100,1813,2022-09-01,Screenshot 2024-05-12 at 19.47.31.png,False
44004307,True,Spar,100,2845,2024-08-01,1549975200-0872043140-5495.jpg,True
44000939,True,Spar,90,1297,2022-04-01,Screenshot 2024-01-28 at 14.15.33.png,False
44007610,True,Tesco Express,100,2587,2016-09,7764516898-0,False
44001790,True,SPAR,80,2845,2024-05-20,Screenshot 2024-05-20 at 20.50.45.png,True
44001899,True,Londis,100,1039,2022-11-01,69 A4.png,True
44005027,True,Shell Select,90,2845,2019-12-01,Screenshot_20240112-191012.png,True
44003726,True,M&S Simply Food,100,2845,2024-04-01,hi Uk,False
44011079,True,Nisa,100,2329,2024-10-01,Screenshot 2024-10-27 at 16.28.33.png,False
44001209,True,Tesco Express,100,2071,2024-07-01,8.png,True
44011010,True,Spar,95,2845,2023-01-01,Shell,False
44001541,False,null,90,523,2023-04-01,image.png,True
44004385,True,Applegreen,80,523,2023-03-01,image.png,True
44000595,True,Londis,95,2845,2016-11-01,Screenshot 2024-05-08 at 11.39.21.png,False
44007633,True,Spar,95,2587,2019-01-01,796412958-4521606531267666410.jpg,False
44003497,True,Londis,95,2845,2024-03-01,Esso,True
44004794,True,Esso On the Run,90,1297,2023-10-01,2.png,False
44009084,True,Nisa,95,1813,2023-05-01,2.png,True
44008770,True,Deighan,100,523,2023-06-01,d7b929c5-6483-4559-bb41-69bb0f679f15.jpg,True
44000552,True,Londis,100,2845,2024-05-01,Screenshot_20240613_202346.png,False
44007715,True,Centra,100,2845,Jun 2021,Lustys Centra - Larne Harbour.png,False
44007473,True,Spar,95,1555,2022-11-01,A2990,True
44004976,True,Shell Select,100,2845,2022-01-01,732.png,False
44007477,True,Londis,100,2845,2024-01-01,Texaco Towey Service Station,False
44005681,True,Londis,100,523,2023-04-01,image.png,True
44003655,True,Lifestyle Express,100,523,2024-10-01,original.png,True
44010023,True,Tesco Extra,100,2845,2022-04-01,43.png,True
44000319,True,Esso On the Run,95,1039,2018-04-01,Esso,False
44001879,True,Tesco Express,100,2587,2024-06-01,9132025306_1182644269,True
44006051,True,Tesco Express,100,2587,2023-06-01,996e3379-56b0-49f6-8d87-1eb9c19b329d.png,True
44007275,True,Tesco,100,2845,2022-04-01,9795105b-b1bc-4274-870f-902232090946.png,False
44005388,True,Shell Select,95,2845,2024-09-01,google_search.png,True
44002644,True,Spar,95,1813,2023-09-01,5555.png,True
44003488,True,Londis,100,2071,2023-07-01,01689a9a-f32d-4f26-8304-d941472117ed.png,False
44001985,True,MACE,100,523,2021-10-01,image.png,True
44010781,False,null,100,1813,2020-11-01,80e0626e-a143-40ed-97ba-c7ca133b9322.png,False
44005612,True,Londis,100,2329,2023-06-01,screenshot-2024-01-14-at-19-03-28.png,True
44000928,True,Esso On the Run,90,1813,2024-01-01,Esso.png,False
44003392,True,Tesco Express,100,2329,2019-08-01,Tesco Petrol Station,False
44003308,True,Tesco Express,95,1555,2021-08-01,Tesco Petrol Station.png,False
44001247,True,Spar,95,2845,2022-04-01,7,False
44007229,True,Nisa,95,1813,2024-04-01,Screenshot 2024-05-03 at 17.47.34.png,True
44000239,True,Spar,100,523,2023-05-01,image.png,True
44010575,True,Unbranded,40,523,2024-03-01,801767314-016624.jpg,True
44003094,True,Murco,90,2845,2023-11-01,Screenshot 2023-12-04 at 19.36.53.png,False
44008230,True,Spar,95,2329,2019-06-01,Screenshot 2024-01-05 at 17.17.05.png,False
44010707,True,Murco,95,2071,2024-11-01,Screenshot 2024-05-09 at 15.04.30.png,False
44003103,True,Londis,95,1555,2023-04-01,JET,False
44000534,True,Tesco Express,100,2845,2024-01-01,Screenshot 2024-02-14 at 14.57.39.png,False
44002742,True,Londis,95,2845,2024-07,Esso,False
44006261,True,Londis,95,2845,2024-01-01,Screenshot 2024-05-02 at 19.42.16.png,False
44009224,True,Shop,70,2329,2024-06-01,5198490d-8593-449e-9290-78137381732a.png,False
44001969,True,Euro Spar,100,523,2022-04-01,81 Newcastle Rd.png,True
44000510,True,Relish Delicatessen,95,2845,2017-08-01,Scaffolg Service Station,False
44003016,True,Spar,90,1297,2024-07-01,bingley.png,True
44007971,True,Spar,75,2329,2022-10-01,3,True
44006578,True,Morrisons Daily,100,2845,2024-08-01,8,False
44004740,True,Greggs,95,2845,2018-04-01,10.png,False
44009637,True,Spar,95,1039,2024-05-01,347266948-155d3f68-349f-4f8a-9128-208c7f145d99.png,True
44009059,True,Londis,100,2845,2023-03-01,3781517d-5827-419c-8a4a-b9740410b7b8.png,True
44003628,True,Londis,100,523,2021-06-01,crop_703_959_1398_1632.jpg,True
44006976,True,M&S Simply Food,95,2845,2024-01-01,IMG_6275.PNG,False
44005155,True,ASDA,100,2845,2018-05-01,Screenshot 2024-01-02 at 23.39.45.png,False
44008015,True,Londis,95,2329,2024-10-01,3.png,True
44002833,True,JET essentials,95,2845,2021-09-01,JET,False
44000475,True,Tesco Express,100,1813,2023-05-01,1673608027440.png,True
44008686,True,Costcutter,95,1039,2024-06-01,3312321_3017206669575331_5867541889535364254_n.jpg,False
44001019,True,Nisa,80,1555,2024-08-01,Screenshot 2024-05-08 at 10.00.46.png,False
44009751,True,M&S Simply Food,95,2845,2021-06-01,3.png,False
44009687,True,ASDA Express,95,1039,2022-10-01,Screenshot 2024-02-04 at 19.08.44.png,True
44004036,True,Morrisons Daily,100,2587,2024-08-01,224morrisons-petrol-station-57-11357445725554628920.webp,False
44007095,True,Tesco Express,100,1555,2022-06-01,Screenshot 2024-01-18 at 11.40.41.png,True
44001249,True,Nisa,100,2329,2023-07-01,5955020697-0774f1343c-k.jpg,True
44003235,True,Londis,100,2587,2024-03-01,Screenshot 2024-04-25 at 14.58.57.png,True
44007201,True,Londis,90,2845,2024-07-01,screenshot_1.png,False
44002679,True,Little Waitrose,100,2845,2024-11-01,Shell,False
44003394,True,Spar,70,2845,2023-02-01,06.png,False
44004057,True,Tesco Express,100,1555,2022-01-01,6d2d6823-8204-4764-aa05-07764a2768ff.png,False
44010096,True,Costcutter,100,1039,2021-10-01,screenshot_1.png,True
44002061,True,Londis,100,1555,2023-05-01,5-conv.png,False
44010625,False,null,90,523,2024-03-01,image.png,True
44007850,True,BP Connect,70,1555,2024-06-01,bp,True
44005368,True,Unbranded,60,523,2022-09-01,Google.png,True
44009762,True,Londis,95,2071,2023-08-01,Screenshot 2024-10-26 at 17.34.09.png,False
44002631,True,Ashley Green,95,2845,2019-06-01,Applegreen Chesham Service S,False
44005106,True,Forecourt Shop,100,2845,2013-01-01,4,False
44002577,True,Eurospar,95,1555,2023-05-01,Screenshot 2024-01-27 at 21.31.32.png,True
44003656,True,Morrisons Daily,100,1039,2024-06-01,Screenshot 2024-07-03 at 15.24.07.png,True
44005714,True,M&S Simply Food,95,2845,2023-04-01,Screenshot 2024-05-09 at 21.09.27.png,False
44004201,True,Co-op,100,2845,2022-07-01,image.png,False
44005325,True,Londis,100,1039,2023-04-01,bp,False
44008093,True,Morrisons Daily,95,2071,2024-06-01,2.png,False
44000946,True,Tesco Express,100,2845,2024-01,Tesco Express,False
44009567,True,Spar,95,2845,2019-04-01,photo_Chiranjibi Dewangan,False
44003282,True,Tesco Express,100,2071,2024-02-01,14,False
44005462,True,COSTA,90,523,2023-05-01,image.png,True
44004470,True,M&S Simply Food,95,2845,2020-07-01,Screenshot 2024-01-09 at 19.30.32.png,False
44003767,True,Tesco Express,100,1813,2021-06-01,Tesco Petrol Station,True
44011014,True,SPAR,100,2845,2022-10-01,SPAR Roslea,True
44004984,True,Spar,95,2845,2024-09-01,Shell,False
44009162,True,Spar,95,1555,2023-09-01,Screenshot 2024-02-18 at 18.04.37.png,True
44005203,True,Premier Express,100,2071,2024-01-01,Screenshot 2024-05-07 at 11.48.55.png,False
44002822,True,Roberts,95,1555,2020-08-01,no_file_name,False
44010851,True,Sinclair General Stores,100,2845,2022-06-01,Screenshot 2024-02-05 at 13.30.07.png,True
44001940,True,ASDA Express,95,2329,2024-06-01,64.png,True
44001990,True,Other,50,523,2022-09-01,e4986d4e-5e44-405b-843b-a75464a41147.jpg,True
44000891,True,Londis,95,2845,2024-02-01,Screenshot 2024-05-02 at 20.42.00.png,False
44007014,True,Londis,100,2845,2020-10-01,Screenshot 2024-01-27 at 22.14.34.png,True
44007640,True,Spar,80,2071,2019-01-01,Padstow Petrol Station,False
44010676,False,null,90,1555,2022-06-01,Image capture Jun 2022.jpg,True
44008921,True,Nicholl,95,523,2022-09-01,image.png,True
44008010,True,Londis,95,2329,2023-08-01,no file name,False
44005186,True,Nisa,90,1813,2019-08-01,6. B6194,True
44003662,True,M&S Simply Food,100,1297,2023-06-01,397485859-9118-469d-97b7-92c97ddffc5a.png,False
44000951,True,ASDA,100,2845,2024-07-01,8 London Rd,False
44003911,True,ASDA Express,100,2845,2024-04-01,1.png,True
44002955,True,Tesco Express,100,2845,2024-10-01,4-Full.png,False
44004332,True,Tesco Extra,100,2845,2024-06-01,64013d7c3d8c9b0256e2a346,True
44009574,True,ASDA Express,95,2845,2022-03-01,Shell Southside Service Station,False
44006797,True,Tesco Express,100,2845,2024-09-01,Tesco Esso Express,True
44005009,False,null,90,523,2023-02-01,Fuel Stop.png,True
44001185,True,Applegreen,95,2845,2023-09-01,Applegreen,True
44002072,True,Spar,95,523,2023-05-01,09470680-b7df-4c57-bf67-b8339101380c.jpg,True
44007782,True,Londis,100,2587,2023-03-01,Screenshot 2024-03-16 at 19.54.28.png,True
44001320,True,Londis,95,1555,2023-11-01,Esso,False
44007365,True,ASDA Express,95,1297,2024-03-01,Screenshot 2024-05-08 at 15.18.22.png,False
44010964,False,,100,523,2023-07-01,image.png,True
44009594,True,Shell Select,80,2587,2024-08-01,Screenshot 2024-05-17 at 18.01.26.png,True
44000456,True,Unbranded,80,523,2024-10-01,crop.jpg,True
44010780,True,Other,70,2845,2024-03-01,Screenshot 2024-05-03 at 15.48.54.png,False
44006233,True,best-one,95,2845,2017-09-01,bp,False
44009672,True,Londis,100,2845,2023-08-01,Screenshot 2024-11-16 at 13.53.55.png,False
44008867,False,null,90,523,2023-05-01,image.png,True
44005816,True,Morrisons Daily,95,2329,2023-11-01,347899846_680528117615683_4181811413764001248_n.jpg,False
44002605,True,ASDA,100,2845,2023-01-01,4_20220416_082532.png,False
44001312,True,On the go,95,1039,2019-09-01,bp.png,False
44004692,True,Budgens,95,1297,2021-10-01,Esso.png,False
44002246,True,Londis,90,2587,2023-03-01,image.png,True
44002747,True,BP Connect,90,1555,2011-06-01,Screenshot 2024-05-12 at 19.00.23.png,False
44008250,True,Spar,95,2845,2023-04-01,Screenshot 2024-01-25 at 16.17.05.png,False
44008264,True,Morrisons Daily,100,2329,2017-07-26,4.png,False
44002712,True,Gulf,90,2845,2023-08-01,2.png,False
44000022,True,Spar,80,1039,2021-09-01,Screenshot 2024-05-08 at 10.56.35.png,True
44007552,True,Shell Select,100,2845,2016-11,21-Shell.png,False
44002773,True,Tesco Express,100,1813,2023-07-01,606493742-07f6706e-28f0-4700-af7f-27199a23f686.png,False
44003740,True,Londis,100,1813,2022-05-01,4 A476,True
44002873,True,Costcutter,100,523,2024-08-01,image.png,True
44002882,True,Nisa,95,1813,2021-10-01,Nisa shop.png,False
44011053,True,Nisa Local,100,2845,2023-11-01,image.png,False
44001410,True,ASDA Express,100,2329,2024-10-01,Esso,True
44009537,True,Londis,100,1297,2024-05-01,3197a947-9674-49b1-92df-f71ef3c56c09.png,False
44005795,True,Hursts,95,1813,2017-06-01,4.png,False
44003835,True,Shell Shop,95,2329,2023-11-01,6665646f-707e-44e6-a465-1774d09a6a33.png,False
44002149,True,Londis,95,1039,2020-10-01,bp.png,False
44003100,True,Best-one,95,1039,2023-06-01,Screenshot 2024-01-19 at 14.17.38.png,True
44010279,True,MACE,100,523,2023-06-01,1186945070-a178c3a96d.jpg,True
44006284,True,Tesco Express,95,1555,2020-08-01,Screenshot 2024-01-19 at 17.42.40.png,False
44001418,True,Londis,95,1813,2023-10-01,Screenshot 2024-01-21 at 19.34.22.png,False
44000354,True,Centra,100,523,2023-04-01,image.png,True
44007647,True,Applegreen,95,2845,2023-01-01,Screenshot 2024-02-29 at 22.48.07.png,False
44008620,True,Spar,90,1039,2022-04-01,Screenshot 2024-05-06 at 15.13.23.png,False
44007612,True,Tesco Extra,100,2845,2018-05-01,image.png,True
44001186,True,Mace,95,1297,2022-12,Screenshot 2024-06-06 at 11.24.38.png,False
44002878,True,M&S Simply Food,90,2845,2018-07-01,bp,False
44006677,True,Esso On the Run,85,1039,2023-09-01,image.png,True
44001296,True,Londis,100,2329,2024-09-01,Screenshot 2024-02-27 at 20.59.20.png,True
44000183,True,Spar,70,1297,2017-07-01,Parkgate Service Station,False
44009515,True,Nisa,80,1039,2024-06-01,Screenshot 2024-05-03 at 20.54.23.png,True
44008723,True,Londis,95,523,2022-10-01,image.png,True
44008585,True,M&S Simply Food,95,2329,2023-12-29,7909c300-d480-4b60-86a7-2ff4a62a33e1.png,False
44005172,True,SPAR,100,2845,2024-09-01,shell-search-result.png,True
44002129,True,Parks Shop,95,781,2024-07-01,Allport Rd.png,True
44005315,True,Londis,100,2587,2023-06-01,Screenshot 2024-03-02 at 11.54.04.png,True
44006560,True,BP Connect,90,1813,2020-02-01,3.png,False
44001451,True,Londis,100,1813,2021-04-01,Screenshot 2024-05-02 at 17.24.50.png,True
44009704,True,ASDA Express,100,2845,2020-10-01,Asda Petrol Station Beddington,True
44011082,True,Co-op,100,2329,2024-08-01,Screenshot 2024-10-19 at 14.55.49.png,False
44004797,True,Londis,95,2329,2023-09-01,Screenshot 2024-05-02 at 16.22.21.png,True
44009812,True,Esso On the Run,70,2845,2023-09-01,2-Full.jpg,False
44001844,True,XL Stop & Shop,95,523,2011-06-01,image.png,True
44001100,True,Londis,95,2587,2021-02-01,3,True
44003109,True,Londis,100,2845,2024-03-01,8290b091-a68e-425e-939c-39147b28f893.png,False
44006187,True,Morrisons Daily,95,2845,2022-03,10.png,False
44003943,True,Shell Select,80,2845,2018-10-01,image.png,True
44003881,True,Jet,90,2845,2018-04-01,JET,False
44002899,True,Shell Select,100,2329,2023-05-01,Screenshot 2024-01-15 at 15.00.32.png,False
44000459,True,Londis,95,2845,2023-07-01,Shell,False
44005064,True,Tesco Extra,95,1813,2022-04-01,5.png,False
44007945,True,Tesco Express,100,2329,2023-04-01,Screenshot 2024-01-20 at 16.34.28.png,False
44007916,True,Premier,90,2071,2022-02-01,Gulf Fairview Garage,False
44002877,True,Londis,95,2845,2024-10-01,Screenshot 2024-10-16 at 12.18.26.png,True
44000404,True,best-one,95,1813,2023-07-01,006.png,True
44001459,True,Spar,95,523,2024-09-01,image.png,True
44005523,True,Shell Select,100,2845,2023-09-01,Shell Select.png,False
44003213,True,Mace,80,2845,2017-01-01,3,False
44005587,True,M&S Simply Food,95,523,2023-05-01,e1694433-1ffc-46d6-8198-a962e9288a19.jpg,True
44003004,True,Fishergate Supershop,95,2587,2023-02-01,Screenshot 2024-05-02 at 13.26.07.png,False
44005894,True,Premier,95,523,2023-05-01,d70ebf72-2918-489b-a70a-c15a46366941.jpg,True
44006913,True,Spar,100,1039,2022-07-01,image.png,True
44008680,True,Centra,100,1813,2023-04-01,Screenshot 2024-04-26 at 20.51.42.png,True
44009999,True,Tesco Extra,100,1555,2024-05-01,Screenshot 2024-05-17 at 18.07.20.png,True
44002090,True,Spar,95,1297,2021-04-01,Screenshot 2024-05-03 at 13.56.09.png,False
44008501,True,ASDA Express,95,523,2022-03-01,image.png,True
44006991,True,Costcutter,95,1813,2023-01-01,peter.beiham,False
44008428,True,Centra,90,523,2023-04-01,image.png,True
44010658,False,null,10,523,2022-07-01,image.png,True
44002818,True,Premier,100,1039,2023-05-01,Screenshot 2024-05-09 at 17.06.35.png,True
44002454,True,Londis,95,2845,2024-07,Screenshot 2024-04-28 at 16.20.49.png,True
44005831,True,Londis,80,1813,2023-08-01,Screenshot 2024-05-03 at 12.49.09.png,False
44006054,True,Costcutter,95,1813,2024-07-01,63 A640,True
44003745,True,Shell Select,95,1297,2024-04-01,shell.png,False
44010910,False,null,90,1297,2022-05-01,3.png,False
44003871,True,Londis,90,523,2024-07-01,5147204177-crop2.jpg,True
44008916,True,Spar,100,523,2023-04-01,0847135e-e242-59e8-b34f-7c634f63057c.jpg,True
44005416,True,Shell Select,95,2845,2023-02-01,Shell,False
44000208,True,Tesco Express,100,2845,2024-05-01,Screenshot 2024-05-18 at 17.04.31.png,True
44010996,True,Co-op,100,2845,2024-08,Screenshot 2024-01-28 at 19.09.11.png,False
44004403,True,Londis,95,1297,2024-06-01,Screenshot 2024-06-08 at 14.37.01.png,False
44004019,True,Londis,100,2845,2021-08-01,4.png,True
44000660,True,Londis,100,2845,2024-10-01,Screenshot 2024-04-28 at 20.16.12.png,False
44009402,True,Premier,100,1297,2024-04-01,Screenshot 2024-05-02 at 18.03.45.png,True
44005367,True,Morrisons Daily,100,1297,2023-07-01,Screenshot_20240501_234212_Chrome.jpg,False
44009080,False,N/A,90,1039,2023-06-01,Screenshot 2024-01-02 at 12.52.13.png,True
44008491,True,ASDA,100,2845,2023-10-01,1.png,False
44005138,True,Keystore,95,2845,2024-07-01,034b2978-7e79-46d7-90a0-bc1405a45a9f.png,False
44001163,True,Tesco,100,1297,2023-09-01,4,True
44003261,True,ASDA,100,2845,2023-01-01,Screenshot 2024-04-28 at 19.22.12.png,False
44009938,True,VIVO Essentials,95,1039,2022-07-01,Trummery Filling Station,True
44010000,True,Tesco Extra,100,1297,2023-09-01,Tesco Petrol Station.jpg,True
44002651,True,ASDA Express,100,2845,2022-09-01,Screenshot 2024-02-10 at 11.03.45.png,False
44006695,True,Londis,100,1813,2020-10-01,5,True
44007652,True,Texaco,75,1813,2023-06-01,Screenshot 2024-05-01 at 16.04.00.png,True
44003547,True,ASDA,100,2845,2023-05-01,Screenshot 2024-05-03 at 11.46.56.png,False
44000120,True,Spar,100,1039,2020-01-01,Screenshot 2024-02-25 at 14.18.52.png,False
44003530,True,Morrisons Daily,95,2071,2024-06-01,828e613f-3e13-464b-ab9d-e492639ef506.png,True
44002253,True,Esso On the Run,50,523,2023-04-01,Petrogas.png,True
44009757,True,Costcutter,100,1555,2021-07-01,Screenshot 2024-07-18 at 15.23.58.png,True
44008325,True,Londis,100,2329,2024-05,Screenshot 2024-05-06 at 20.14.58.png,False
44005255,True,Costcutter,95,2845,2023-10,Screenshot 2024-05-05 at 19.02.45.png,False
44010101,False,,30,523,2023-04-01,image.png,True
44002828,True,Londis,100,1039,2021-04-01,02.jpg,False
44002386,False,N/A,10,523,2011-10-01,image.png,True
44003500,True,Londis,95,2845,2020-11-01,Screenshot 2024-03-09 at 18.18.57.png,False
44008802,False,null,90,1297,2024-09-01,HarrisFuels,True
44010017,True,Tesco Express,100,2845,2022-04-01,Screenshot 2024-04-07 at 19.14.26.png,False
44001735,True,Shell Select,70,1297,2021-05-01,Screenshot 2024-03-31 at 16.58.28.png,True
44004046,True,M&S Simply Food,95,2845,2024-05-01,bp,False
44010513,True,BSB Motors,90,523,2023-04-01,image.png,True
44007009,True,Budgens,95,2845,2024-02-01,Screenshot 2024-05-03 at 21.46.39.png,False
44006630,True,BP Connect,70,1039,2024-09-01,1716641890373.png,True
44002498,True,ASDA Express,100,2845,2023-06-01,8871200368-0_20240327-122411.jpg,False
44000792,True,ASDA Express,100,1297,2023-04-01,Screenshot 2024-05-02 at 10.36.12.png,True
44002492,True,Spar,70,1813,2024-04-01,3,False
44004877,True,Nisa,100,1555,2023-08-01,3,False
44009720,True,ASDA,100,1813,2020-05-01,2.png,False
44002519,True,Spar,95,1813,2024-06-01,85917e8c-c7b8-449d-97a4-1246b7310b08.png,True
44011081,True,Londis,100,1555,2024-05-01,Screenshot 2024-05-15 at 21.13.53.png,False
44006837,True,Shell Select,95,2845,2024-09-01,Shell,True
44005499,True,Mace,95,1813,2021-09-01,Photo - Sep 2021,False
44010982,True,Spar,95,1039,2022-09-01,Screenshot 2024-02-19 at 15.37.23.png,True
44007656,True,ASDA Express,95,2845,2024-04-01,790017f1-077b-4054-b0b6-44324a94c544.png,False
44004862,True,Londis,95,2845,2024-03-01,bp,False
44001219,True,Spar,95,2845,2022-09-01,Screenshot_20240128_164931.png,False
44009280,False,none,70,1039,2024-03-01,JET,False
44001582,True,Londis,100,2845,2023-06-01,Screenshot 2024-04-24 at 13.58.38.png,False
44007533,False,null,100,2845,2023-07-01,Screenshot 2023-11-04 at 11.14.44.png,False
44007928,True,Londis,100,2845,2023-05-01,BP GAS STATION,True
44001648,True,Tesco,100,2845,2022-09-01,Screenshot 2023-11-15 at 17.05.27.png,False
44002375,True,Budgens,90,523,2021-10-01,image.png,True
44000989,True,Central,95,2329,2023-05-01,Screenshot 2024-05-04 at 20.04.35.png,False
44009785,True,Spar,100,1039,2022-04-01,Screenshot 2024-11-13 at 10.49.50.png,False
44000234,True,Budgens,100,1555,2024-06-01,bp,False
44011006,True,ASDA Express,100,1813,2023-02-01,Shell,False
44001138,True,Spar,100,1555,2023-03-01,Shell,False
44006684,True,Spar,100,2845,2021-04-01,Screenshot 2024-05-17 at 14.16.00.png,True
44010577,False,N/A,90,523,2024-06-01,img.png,True
44001344,True,Centra,100,523,2022-08-01,5696384234567176192-0-pano.jpg,True
44003677,True,Londis,90,2845,2022-07-01,7,False
44005338,True,Spar,100,1555,2022-11-01,Screenshot 2024-04-09 at 15.42.04.png,False
44007478,True,M&S Simply Food,95,2845,2023-02-01,bp,False
44010518,True,nearby,95,1555,2023-07-01,Screenshot 2024-02-20 at 18.58.52.png,True
44006279,True,Tesco Express,100,2329,2020-10-01,70443251-8f29-413c-8e8c-2e1f35bb50a1.png,True
44008160,True,ASDA Express,95,1297,2023-07-01,screenshot_1.png,False
44000971,True,Tipton,95,2845,2017-08-01,Applegreen Tipton,False
44006324,True,Asda,100,2845,2023-11-01,001_552023120813.png,False
44010572,True,Unbranded,80,2845,2023-01-01,The Clifton Garage,False
44003629,True,Londis,100,523,2023-06-01,Esso.png,True
44011052,True,Southport,70,1813,2024-02-01,Screenshot 2024-04-26 at 12.19.57.png,False
44010327,True,Spar,100,1297,2021-01-01,412847275_6391734384179247_4184005869634607695_n.png,False
44003747,True,Shell Select,95,2845,2023-11-01,49779216734_a899501842_k.jpg,False
44007558,True,Morrisons Daily,95,1555,2023-05-01,Screenshot 2024-05-09 at 11.19.42.png,True
44003739,True,Co-op,95,2071,2023-08-01,Shell,False
44008866,True,Premier,95,2845,2022-09-01,0-Premier.png,False
44001498,True,Spar,80,2845,2021-04-01,Screenshot 2024-05-08 at 14.44.48.png,False
44010819,True,null,60,523,2022-10-01,e329a5cf-129f-4ff3-a164-0d69b0dddf39.jpg,True
44001931,True,Nisa,90,1297,2024-08-01,3.png,False
44003967,True,Morrisons Daily,100,2071,2023-01-01,07.png,False
44002623,True,Morrisons Daily,95,2587,2022-11-01,Screenshot 2024-02-28 at 16.18.42.png,False
44008073,True,Tesco Extra,100,2329,2019-07-01,Tesco Petrol Station,False
44003580,True,Spar,95,523,2023-05-01,Texaco and jet wash.png,True
44008223,True,Esso On the Run,90,1297,2023-05-01,233 Wortley Rd.png,True
44010282,True,Esso On the Run,70,2845,2022-12-01,Screenshot 2024-01-19 at 18.20.41.png,True
44007939,True,Premier,95,2845,2019-04-01,Screenshot 2024-02-25 at 15.37.35.png,False
44006087,True,Parkshop,95,2845,2024-08-01,Shell,False
44005570,True,Shell Select,95,2845,2022-11-01,Shell,False
44008575,True,Central,100,1555,2024-06-01,Screenshot 2024-06-15 at 22.08.38.png,True
44007194,True,Spar,95,2071,2021-09-01,72179833-e325-4724-af61-f96414364e87.png,False
44000156,True,Spar,95,1297,2024-09-01,https://lh5.googleusercontent.com/p/AF1QipMw3vF7i609fR2f-tS2F8x5n5z9-0N89D2k0V8_=w1024-h768-k-no,False
44000304,True,Londis,100,1555,2023-10-01,Esso,False
44006083,True,ASDA Express,95,1039,2023-03-01,Asda Petrol Station,False
44010181,True,Spar,100,1297,2024-04-01,4 B3380,True
44002312,True,M&S Simply Food,100,1813,2019-04-01,6.png,False
44009359,True,Shop,95,1039,2023-08-01,Screenshot 2024-05-04 at 13.02.48.png,True
44006829,True,Shell Select,70,2329,2016-03-01,82123235-9565-4b47-b2af-8176c8d2f58f.png,False
44003053,True,M&S Simply Food,90,2071,2023-06-01,bp,False
44000553,True,Convenience Store,100,1039,2019-06-01,Screenshot 2024-02-25 at 19.33.00.png,True
44008641,True,Spar,90,1039,2009-08-01,Screenshot 2024-05-09 at 21.42.35.png,True
44006373,True,Tesco,100,1813,2023-07-01,Tesco Petrol Station,False
44007937,True,Shell Select,95,2329,2024-11-01,Shell.png,False
44008261,True,Morrisons Daily,100,2329,2017-07-01,image.png,False
44005956,True,ASDA Express,100,1555,2023-11-01,986a7165-d001-40db-b754-b67b65eb26b7.png,False
44006017,True,Morrisons Daily,100,1297,2023-03-01,Screenshot 2024-05-04 at 14.56.19.png,True
44005611,True,Morrisons Daily,95,523,2022-07-01,image.png,True
44002750,True,Spar,95,2845,2020-03-01,383066.png,False
44004897,True,Spar,95,2329,2022-04-01,4.png,False
44000285,True,Costcutter,95,1813,2018-01-01,Screenshot 2024-04-18 at 21.17.15.png,False
44004349,True,M&S Simply Food,95,2845,2023-05-01,Screenshot 2024-03-19 at 18.06.19.png,False
44001114,True,Shell Select,95,2587,2019-12-01,3450123139.jpg,False
44002272,True,M&S Simply Food,100,2845,2024-07-01,image.png,True
44000809,True,Esso On the Run,85,1039,2021-11-01,Screenshot 2024-05-04 at 16.10.13.png,True
44005402,True,Spar,95,2071,2023-01-01,Screenshot 2024-01-19 at 19.57.23.png,False
44005129,True,Spar,100,1039,2018-06-01,2264407282-069878ca40-o.jpg,False
44005021,True,Spar,95,1555,2020-11-01,5,False
44010329,True,Spar,80,523,2022-06-01,image.png,True
44001113,True,Shell Select,95,2845,2021-02-01,Screenshot 2024-01-17 at 21.39.46.png,True
44003818,True,Tesco Express,100,1297,2021-10-01,Screenshot 2024-01-18 at 15.04.20.png,True
44002460,True,Other,75,2845,2023-05-01,336576885-361082932427162-3159624452217036908-n.jpg,False
44006856,True,Shell Select,95,2587,2018-11-01,Screenshot 2024-04-27 at 21.13.17.png,False
44010855,True,Spar,95,2071,2022-04-01,64a2a474b70c874210267c70.png,False
44007421,True,Tesco Express,100,1039,2021-08-01,Screenshot 2024-04-25 at 22.03.40.png,False
44009136,True,Mace,95,523,2022-08-01,gulf fuel station.png,True
44000245,True,Shop,95,2845,2016-09-01,8.png,False
44002062,True,SuperValu,100,523,2022-04-01,0735.png,True
44005532,True,Shop,90,1297,2019-07-01,bp.png,False
44001768,True,Londis,95,2329,2024-01-01,8.png,False
44009203,True,Budgens,95,1039,2023-04-01,Screenshot 2024-05-03 at 13.15.28.png,True
44003646,True,ASDA Express,95,2845,2024-04-01,4-full.png,False
44008616,False,,70,523,2011-03-01,0e3061ff-b764-5999-bc9e-26bc9047dd21.png,True
44003763,True,Tesco Express,100,2329,2024-05-01,Screenshot 2024-05-03 at 12.03.32.png,True
44006092,True,Londis,95,1555,2020-07-01,Shell Needwood Service Station,False
44000383,True,Londis,95,781,2022-03-01,Screenshot 2024-03-23 at 12.42.58.png,False
44002937,True,MACE,100,1297,2022-07-01,bp,True
44005028,True,Morrisons Daily,95,1297,2023-07-01,bp.png,False
44000190,True,Greggs,100,2845,2024-02-01,Applegreen,False
44002948,False,,100,2845,2016-05-01,4.png,False
44003546,True,Shell Select,95,2329,2023-09-01,Screenshot 2024-05-08 at 10.56.57.png,True
44005453,True,Spar,90,2071,2023-02-01,Esso,False
44003566,True,Tesco Express,100,1555,2023-07-01,Screenshot 2024-02-18 at 11.08.25.png,True
44010420,False,,100,2845,2024-07-06,1688654510194.jpg,True
44001752,True,Londis,95,2845,2024-11-01,Shell,False
44010775,True,Nisa,70,1297,2021-01-01,Screenshot 2024-05-03 at 14.33.36.png,False
44009675,True,ASDA Express,95,1039,2023-03-01,Asda Petrol,True
44006631,True,M&S Simply Food,100,2071,2023-08-01,Screenshot 2024-03-09 at 14.47.35.png,True
44002687,True,Co-op,95,2587,2022-04-01,Co-op.png,False
44003469,True,Spar,95,1297,2024-08-01,Texaco Petrol Station,True
44002417,False,null,100,2845,2024-02-01,Screenshot 2024-03-08 at 15.44.14.png,False
44003377,True,Budgens,95,1813,2020-09-01,294543f0-169e-4a64-a557-136f2965b036.png,False
44009191,True,Spar,100,1039,2022-04-01,Screenshot 2024-05-02 at 11.46.03.png,False
44004819,True,Morrisons Daily,100,2845,2023-07-01,photo_2023-07-31 17.10.23.jpg,False
44009533,False,,10,1039,2023-10-01,339891e6-b54e-4a93-b392-33a332972e89.png,True
44003757,True,Londis,100,2071,2023-09-01,no file name found,False
44007414,True,M&S Simply Food,100,1813,2021-02-01,Timbo Lond,False
44009831,True,Spar,100,1297,2023-04-01,40 Doury Rd,True
44005397,True,Unknown,50,523,2024-07-01,image.png,True
44006859,True,Premier,100,2845,2022-09-01,2.A4058.jpg,True
44004072,True,Londis,95,2845,2024-11-01,Shell,True
44009874,True,lifestyle express,95,1297,2023-09-01,2 A423,True
44001036,True,Mace,100,523,2024-07-01,image.png,True
44009530,False,,90,1039,2024-06-01,Screenshot 2024-06-16 at 22.00.18.png,True
44000134,True,Nisa,95,523,2023-07-01,9 Main St,True
44001772,True,Shell Select,95,2845,2023-08-01,Shell,False
44005547,True,Welcome Break,90,2071,2021-11-01,Fleet Services LPG Autogas Southb...,False
44010972,True,Nisa,90,1555,2023-09-01,50076982073_9d9928f069_o.png,False
44001228,True,Centra,95,1555,2022-06-01,Texaco Service Station,False
44006327,True,Londis,95,1039,2023-10-01,Pavillion Service Station,True
44002652,True,Morrisons Daily,100,2845,2017-07-01,Morrisons Petrol Station,False
44003559,True,Shell Select,100,2845,2024-08,Shell,False
44000620,False,null,90,2845,2024-05-01,image.png,False
44002395,True,Wild Bean Cafe,85,1813,2018-09-01,6392650919099054730-0.jpeg,False
44004880,True,Tesco Extra,100,2845,2022-05-01,Screenshot 2024-05-03 at 23.22.48.png,False
44001952,True,Tesco Express,100,2845,2022-08-01,Screenshot 2024-02-16 at 18.26.23.png,True
44001858,True,Tesco Express,95,1039,2022-08-01,Screenshot 2024-01-03 at 11.01.20.png,True
44004096,True,Premier,95,1039,2024-05-01,Screenshot 2024-05-15 at 14.26.55.png,True
44008045,True,Shell Select,85,2587,2024-07-01,Screenshot_20241125_174148_Google.jpg,True
44006893,True,Londis,100,2845,2024-05-01,1941-5d47-41b8-b7a4-573a8c71c0f0,False
44007202,True,Nisa,70,1813,2024-03-01,8873f8b9-4b97-4cf9-94dd-920610358a80.png,False
44000766,True,Spar,90,1555,2021-09-01,5,True
44005763,True,Nisa Local,95,2587,2024-08-01,Screenshot 2024-03-10 at 21.00.27.png,False
44008813,True,Keystore express,100,1813,2024-09-01,71760660231_.jpg,True
44005289,True,ASDA Express,100,1039,2024-03-01,99 A47F9.png,True
44002184,True,Londis,100,523,2024-06-01,2 B439.png,True
44002710,True,Londis,95,2845,2024-07-01,Esso,False
44005848,True,Jamie Oliver deli by Shell,80,1813,2023-08-01,Aug 2023,False
44002713,True,Tesco Extra,100,2329,2023-05-01,Screenshot 2024-02-18 at 20.51.57.png,True
44006195,True,ASDA Express,100,2845,2024-06-01,Screenshot 2024-07-02 at 11.10.21.png,True
44010991,True,Londis,100,1555,2023-02-01,Screenshot 2024-06-14 at 12.27.51.png,False
44007420,True,Budgens,100,2329,2024-06-01,Screenshot 2024-06-16 at 14.48.35.png,True
44001283,True,Spar,95,2845,2019-08-01,photo_16.png,False
44004119,True,Nisa,95,1813,2022-10-01,Screenshot 2024-02-15 at 13.36.37.png,True
44003541,True,Tesco Express,100,523,2018-05-01,image.png,True
44009556,True,Spar,95,2329,2018-02-01,3283-e297-8f96-8215.png,False
44001240,True,M&S Simply Food,95,2845,2021-06-01,Screenshot 2024-03-09 at 21.00.45.png,False
44003621,True,Spar,90,2329,2020-08-01,2041195625-0-bp.jpg,False
44008656,True,Nisa,80,2845,2024-05-01,12.png,False
44004183,True,Shell Select,70,2845,2018-12-01,shell.png,False
44005380,True,Londis,95,2845,2023-03-01,5809c945-ed73-4d79-a13b-322b2b9f7e7f.png,True
44000757,True,Shell Select,95,2845,2017-10-01,1.png,False
44010320,True,ASDA,100,2845,2024-02-01,1.png,False
44004912,True,Londis,95,2845,2023-02,Esso,False
44007981,True,Budgens,95,2587,2023-07-01,bp.png,True
44009774,True,Subway,75,2845,2024-07-01,Esso,False
44009331,True,Londis,95,2071,2022-06-01,Screenshot 2024-05-01 at 12.12.07.png,True
44004675,True,Waitrose,95,2845,2016-08-01,Matthew Nichols,False
44003129,True,Touts,95,2845,2023-12-01,Esso,False
44000688,True,Tesco Express,100,2845,2019-08-01,Screenshot 2024-01-21 at 13.15.40.png,False
44008513,True,ASDA,100,1813,2022-02-01,7106b033-019c-4d37-8467-a584e96310b7.png,False
44009419,True,,70,1297,2024-01-01,Screenshot 2024-02-16 at 21.00.14.png,False
44007397,True,Nisa,95,1813,2019-08-01,JET,False
44003807,True,Nisa,90,1813,2023-06-01,Screenshot 2024-04-28 at 15.23.02.png,True
44010960,False,N/A,100,2845,2024-01-24,N/A,False
44006467,True,Spar,100,1813,2022-07-01,Screenshot 2024-05-10 at 10.29.53.png,True
44004267,True,Spar,80,2071,2024-03-01,3rd_image,False
44005511,True,Mace,100,2329,2019-07-01,bp.png,True
44004765,True,Tesco Express,95,2845,2023-09-01,Screen Shot 2024-01-29 at 22.15.08.png,False
44003178,True,Tesco Express,95,2071,2023-07-01,1695736426909.jpg,False
44003803,True,Morrisons Daily,100,1039,2022-08-01,Screenshot 2024-05-01 at 14.20.07.png,True
44001481,True,Shell Select,100,1555,2023-07-01,Screenshot 2024-05-03 at 13.05.55.png,False
44003307,True,Londis,100,2071,2022-02,7,False
44010034,True,Tesco Express,95,1297,2021-10-01,Tesco Petrol Station,False
44001729,True,Londis,100,1813,2024-02-01,883b9b5b-e614-45d5-963a-160263a5a729.png,True
44010848,True,Other,40,523,2021-12-01,image.png,True
44005767,True,,70,2071,2020-02-01,5,False
44000915,True,Tesco Express,100,2845,2024-06-01,Screenshot 2024-06-23 at 19.59.14.png,True
44001870,True,M&S Simply Food,95,1813,2021-07-01,bp,True
44005670,True,Londis,95,1297,2022-08-01,Esso.png,False
44007002,False,,100,1555,2024-05-01,3.png,True
44008500,True,ASDA,95,1813,2024-03-01,Screenshot 2024-05-04 at 18.03.11.png,False
44008567,True,Spar,100,2845,2021-05-01,255157843_10159442722180393_6697325947646675260_n.jpg,False
44001596,True,Shell Select,95,2845,2016-11-01,7-2024-07-18-10-35-04.jpg,False
44009508,False,null,90,523,2023-08-01,783533209-6d7c00643b.jpg,True
44010674,True,Spar,100,2845,2023-04-01,Screenshot 2024-01-19 at 13.16.56.png,True
44010823,False,N/A,95,2845,2020-05-01,2.png,False
44001909,True,Nisa,95,2071,2019-02-01,1605564328-photo.jpg,False
44004488,True,Spar,100,2845,2022-07-01,Shell,False
44000689,True,Tesco Express,100,2587,2024-06-01,Esso (Goofy ahh dude),False
44005524,True,Shell Select,100,2845,2023-09-01,Screenshot 2024-04-30 at 13.52.19.png,False
44007615,False,null,95,2329,2020-08-01,A petrol station full of character.png,False
44010001,True,Tesco,100,2845,2024-06-01,11.png,False
44001059,True,Applegreen,100,2845,2018-09-01,Screenshot 2024-04-29 at 19.53.23.png,False
44001926,True,Londis,90,2845,2022-04-01,07.png,True
44000740,True,Tesco Express,100,2845,2023-02-01,Tesco Express :: Terrence H,False
44004729,True,Shell Select,95,2845,2016-12-01,Shell,True
44005423,True,Londis,95,2845,2023-11-01,Screenshot 2024-02-11 at 15.57.22.png,True
44001221,False,,60,523,2022-07-01,image.png,True
44005968,True,Morrisons Daily,100,2845,2024-08-01,Screenshot_20240821_195624_Google.jpg,False
44008710,True,BP Connect,70,2587,2023-10-01,55964535-39c8-4d3b-9856-1659c475758f.png,False
44004006,True,Costa Express,90,1039,2022-10-01,Screenshot 2024-10-27 at 12.25.19.png,True
44009219,True,Shell Select,70,1813,2022-06-01,58514a73-d1b4-42d9-b957-0d4a78b0ed90.png,True
44009796,True,Esso On the Run,75,2071,2020-10-01,68458546-b634-4641-8828-2ca095650004.png,False
44011058,True,ASDA Express,100,2329,2022-12-01,0-0.jpg,False
44006573,True,Shell Select,95,2329,2018-05-01,Shell,False
44006011,True,Tesco Extra,100,2845,2024-07-01,Screenshot 2024-05-02 at 21.56.09.png,False
44004690,True,Co-op,95,523,2023-06-01,3853052d-5f1f-4f14-b920-555a4f3b4812.jpg,True
44005603,True,Spar,100,523,2022-08-01,image.png,True
44002359,True,Nisa,80,1555,2024-06-01,Screenshot 2024-07-04 at 12.34.11.png,True
44004162,True,Spar,100,523,2024-08-01,image.png,True
44002869,True,ASDA Express,100,1813,2023-12-01,Screenshot 2024-05-10 at 09.17.46.png,False
44004674,True,Shell Select,95,2845,2024-01-01,Shell,False
44001950,True,Londis,100,2845,2024-10-01,Screenshot 2024-10-27 at 17.09.54.png,False
44005592,True,Spar,80,2845,2018-07-01,10,False
44003323,True,Spar,100,2845,2024-01-01,bp,False
44002043,True,LOCO,95,1555,2023-03-01,Screenshot 2024-02-27 at 18.47.53.png,True
44008911,True,Centra,95,1297,2022-05-01,Star,False
44005988,True,Eurospar,100,523,2022-09-01,bp.png,True
44003641,True,Londis,95,2845,2024-11-01,Screenshot 2024-11-16 at 19.45.40.png,False
44000764,True,BP Connect,70,2845,2024-09-01,Screenshot_20240929_094544_Chrome.jpg,True
44009625,True,Co-op,100,523,2018-09-01,069279e8-6d4b-5743-a851-5014259c6f51.png,True
44002923,True,Spar,100,1297,2023-07-01,Screenshot 2024-06-08 at 12.52.41.png,False
44006673,True,Londis,95,2587,2024-08-01,Esso,False
44002175,True,Londis,95,523,2023-04-01,61_A73.png,True
44003251,True,Shell Select,100,2845,2022-06-01,Screenshot 2024-05-02 at 18.04.32.png,False
44001038,True,Spar,100,1813,2023-05-01,SPAR Church Street,False
44009569,True,ASDA Express,100,1039,2024-06-01,Screenshot 2024-06-08 at 18.34.01.png,True
44001478,True,Budgens,100,2845,2019-08-01,bp9.png,False
44008891,True,Spar,100,1555,2021-01-01,SPAR Dervalley Castlederg,False
44005066,True,Spar,100,1039,2018-07-01,3.png,True
44010041,True,Tesco Express,100,1813,2023-03-01,1696452771792.jpg,True
44010315,False,,90,1039,2024-05-01,screenshot_1.png,True
44009158,True,W. Ganderton & Son,90,1297,2021-10-01,Screenshot 2024-02-29 at 18.38.59.png,True
44005981,True,Morrisons Daily,100,2071,2023-03,7.png,False
44004981,True,Shell Select,100,523,2015-06-01,image.png,True
44010883,True,Scotmid Coop,100,523,2024,0017.jpg,False
44001213,True,Star Market,75,2845,2021-12-01,Screenshot 2024-04-27 at 15.07.10.png,False
44010011,True,Tesco Extra,100,2845,2023-11-01,55092445526_b003591535_o.jpg,False
44006306,True,Shell Select,95,1813,2023-04-01,6.png,True
44008285,True,ASDA Express,100,1039,2024-07-01,222.png,True
44003675,True,M&S Simply Food,100,1039,2024-09-01,345345.png,True
44006033,True,Spar,95,2845,2021-07-01,Screenshot 2024-05-10 at 14.33.04.png,False
44004543,True,Spar,95,2845,2023-05-01,333333333.png,False
44000829,True,Little Waitrose,95,781,2023-06-01,141 A322,True
44009078,True,Spar,100,1813,2022-04-01,Google Images,False
44001666,True,Premier,95,2845,2023-05-01,bp,False
44005439,True,Londis,95,2845,2023-06-01,Screenshot 2024-05-07 at 19.34.37.png,True
44007811,True,Spar,100,523,2024-07-01,305 Wakefield Rd.png,True
44005158,True,Tesco Express,100,1555,2023-09-01,Screenshot 2024-05-03 at 13.37.37.png,False
44005392,True,Central,95,1297,2021-06-01,415539601-1714984302.png,True
44006495,True,Greggs,95,2845,2023-06-01,Screenshot 2024-05-04 at 21.18.44.png,False
44002396,True,Spar,100,2845,2023-05-01,shell-3.png,False
44004144,True,Park Shop,90,2845,2024-06-01,304054764-100003.jpg,True
44004738,True,Tesco Express,100,2845,2024-08-01,1-full.png,False
44008599,True,One Stop,100,2329,2024-03-01,4,False
44006928,True,Esso On the Run,95,2845,2019-12-01,Screenshot 2024-06-05 at 00.36.22.png,False
44000515,True,Tesco Express,100,781,2023-03-01,Screenshot 2024-05-06 at 23.31.42.png,True
44006321,True,Nisa,75,2845,2017-08-01,5,False
44007360,True,Spar,100,1555,2017-08-01,Screenshot 2024-02-07 at 15.24.37.png,True
44010690,False,null,100,523,2021-12-01,image.png,True
44004733,True,Budgens,100,2845,2020-02-01,4.png,False
44001616,True,ASDA Express,95,2845,2024-02-01,Shell.png,False
44002328,True,Shell Select,95,2845,2023-06-01,Screenshot 2024-01-04 at 23.03.57.png,False
44002030,True,Spar,95,2329,2022-04-01,no file name available,False
44005296,True,Tesco Extra,100,2329,2023-11-01,Screenshot 2024-05-09 at 21.48.26.png,False
44007493,True,Shell Select,100,1555,2024-11-01,Screenshot 2024-02-18 at 19.09.12.png,False
44002280,True,M&S Simply Food,95,2845,2022-02-01,9.png,False
44000415,True,M&S Simply Food,100,1297,2024-06-01,bp,True
44006957,True,Shop,70,2071,2022-01-01,4.png,True
44007661,True,Tesco Express,100,1555,2023-11-01,Screenshot 2024-03-09 at 14.59.10.png,False
44003657,True,Spar,95,1555,2023-06-01,Screenshot 2024-02-22 at 13.41.04.png,False
44005946,True,Spar,100,1813,2022-04-01,image.png,False
44010685,False,,100,2845,2021-07-01,Hardware Shop Entrance,False
44001930,True,Spar,100,1297,2024-09-01,bp,False
44004195,True,Londis,90,2329,2021-08-01,Esso,False
44007109,True,Londis,95,1039,2021-08-01,Texaco.png,False
44005401,True,Londis,95,2071,2023-05-01,Screenshot 2024-02-24 at 11.09.43.png,False
44001957,True,Morrisons Daily,95,2587,2023-03-01,90 A245,True
44009294,True,Nisa,95,1813,2021-11-01,5.png,True
44006492,True,ASDA,95,1297,2018-05-01,screenshot_4.png,True
44000632,True,Spar,95,2845,2016-11-01,6002c7e0-ff90-47b5-ac8b-6261b0a0641d.jpeg,False
44000504,True,Londis,100,2329,2024-08-01,Screenshot 2024-01-16 at 16.10.27.png,False
44002140,True,Londis,95,2845,2023-07-01,Screenshot 2024-02-20 at 18.27.46.png,False
44009288,True,Shop,90,523,2023-05-01,image.png,True
44007825,True,Morrisons Daily,100,1813,2023-02-01,Screenshot 2024-03-15 at 17.04.18.png,True
44010188,True,ASDA,100,2845,2024-01-01,Asda Bridgewater Superstore,False
44009805,True,Spar,100,781,2023-05-01,Aloa Rd.png,True
44002230,True,ASDA Express,95,2845,2024-03-01,2-Full.png,False
44005770,True,Londis,95,1039,2022-11-01,Screenshot 2024-05-09 at 12.45.24.png,True
44004873,True,Shell Select,85,2329,2024-11-01,screenshot_11.png,False
44001686,True,EUROSPAR,100,2845,2022-12-01,b879934d-926a-42b6-b488-42d799b5f4d2.jpg,False
44004354,True,Shell Select,95,2845,2018-07-01,Shell,False
44000691,True,Tesco Express,100,2329,2023-06-01,Screenshot 2024-03-16 at 21.19.01.png,False
44007648,True,Morrisons Daily,100,2845,2022-07-01,Screenshot 2024-08-17 at 14.13.59.png,False
44006049,False,,90,523,2023-03-01,0202.png,True
44001854,True,Londis,100,2845,2024-11-01,Screenshot 2024-02-03 at 17.45.48.png,False
44004707,True,Co-op,100,2845,2022-08-01,16,True
44009435,False,N/A,100,523,2023-05-01,image.png,True
44004866,True,Londis,95,2845,2024-04-01,Screenshot 2024-06-16 at 17.56.52.png,False
44004346,True,Co-op,100,2329,2023-03-01,Screenshot 2024-04-26 at 14.06.21.png,True
44002236,True,Shell Select,95,2845,2022-06-01,76548765.png,False
44002701,True,Nisa,85,2845,2023-06-01,Screenshot 2024-05-03 at 21.23.19.png,True
44007214,True,M&S Simply Food,100,2329,2023-12-01,800367432-60903310ed.png,False
44010373,True,Budgens,95,2845,2021-08-01,Shell,False
44005334,True,Londis,95,2845,2024-04-01,Screenshot 2024-05-01 at 11.42.45.png,True
44003839,True,Londis,95,2845,2024-04-01,Screenshot 2024-05-03 at 17.36.17.png,True
44005518,True,Greggs,100,2845,2024-08-01,5812a6e4-199c-421f-9b90-c48502332c8f.png,False
44006395,True,Nisa Local,100,2845,2024-07-01,Screenshot 2024-06-29 at 16.06.41.png,True
44001561,True,Spar,100,2329,2023-04-01,Maxol Service Station Fortwilliam,False
44010798,False,null,100,2845,2021-10-01,084b8e56-f9fa-4748-958c-ed8d834d0227.png,False
44002220,True,Spar,90,2845,2022-02-01,Screenshot 2024-05-03 at 11.39.53.png,False
44000649,True,Londis,100,1297,2024-06-01,Screenshot 2024-06-15 at 19.09.43.png,True
44004515,True,Spar,95,1555,2016-12-01,Screenshot 2024-05-17 at 20.22.25.png,False
44004239,True,Spar,95,1813,2018-10-01,2,False
44004579,True,Shell Shop,95,1555,2022-02-01,Screenshot 2024-05-09 at 12.21.32.png,False
44000714,True,Centra,100,2071,2024-06-01,Screenshot 2024-06-17 at 19.32.45.png,False
44004776,True,Esso On the Run,85,523,2023-04-01,image.png,True
44009954,True,Circle K Express,95,523,2021-12-01,Circle K Express Omagh.png,True
44006214,True,Londis,100,2587,2024-02-01,Screenshot 2024-05-01 at 12.20.11.png,False
44007092,True,M&S Simply Food,100,1813,2022-10-01,2.png,True
44006761,True,Co-op,95,1039,2024-05-01,3,True
44007734,True,ASDA Express,100,2071,2024-02-01,7496310817-027922.jpg,False
44007148,True,Spar,95,2845,2023-12-01,Spar shop on Google search.png,False
44009174,True,Spar,95,2845,2021-06-01,Screenshot 2024-02-20 at 21.21.55.png,False
44000681,True,Shell Select,90,2845,2021-05-01,Screenshot 2024-05-03 at 11.09.29.png,False
44005698,True,Costcutter,95,1297,2022-07-01,3,False
44005440,True,Costcutter,95,2845,2024-06-01,Screenshot 2024-02-20 at 12.29.43.png,True
44007323,True,Spar,80,1555,2023-05-01,Screenshot 2024-05-08 at 12.23.29.png,True
44002428,True,ASDA Express,95,2845,2023-03-01,Screenshot 2024-04-17 at 21.49.00.png,True
44010868,True,Spar,100,1039,2021-07-01,3.png,True
44009926,True,Shell Select,95,2845,2022-08-01,5,False
44000805,True,Tesco Express,100,1297,2023-07-01,4.png,False
44010726,False,null,10,1039,2019-08-01,Screenshot 2024-05-03 at 13.25.29.png,False
44002717,True,ASDA Express,100,1039,2023-09-01,529369717-0434a4a652.jpg,True
44008089,True,Morrisons Daily,95,1039,2024-09-01,CarWashUK052,False
44000754,True,Londis,100,1039,2020-06-01,3,False
44000910,True,Tesco Express,100,2845,2016-07-01,792139842987.jpg,False
44003275,True,Spar,90,2329,2023-05-01,Screenshot 2024-05-07 at 14.18.25.png,True
44000360,True,Londis,100,1039,2023-11-01,321a16d7-7024-4765-88c6-136f55963667.png,False
44005345,True,Budgens,95,2329,2024-10-01,Screenshot 2024-02-28 at 20.11.56.png,False
44008020,True,M&S Simply Food,90,2845,2024-09,Screenshot 2024-05-14 at 11.21.48.png,False
44006290,True,Londis,95,2845,2023-03-01,214476129_784718466989076_4667847720433641973_n.jpg,False
44001515,True,Shop & Caf,90,2845,2021-05-01,1696827142615.jpg,False
44008919,True,Costcutter,95,523,2023-06-01,image.png,True
44005398,True,Londis,95,2845,2024-07-01,screenshot_15.png,False
44009227,True,Spar,70,1039,2023-07-01,Screenshot 2024-02-18 at 22.03.51.png,True
44001872,True,Budgens,95,2845,2023-08-01,Screenshot 2024-02-10 at 21.59.45.png,False
44010040,True,Tesco Express,100,1297,2023-04-01,photo_3.png,True
44000169,True,M&S Simply Food,95,1039,2023-06-01,bp.png,True
44003336,True,Premier,100,1039,2024-08-01,Screenshot 2024-05-04 at 21.34.31.png,False
44010242,True,Morrisons Daily,100,1297,2024-07-01,433065306-942f5206-0442-4100-8050-8e263a719651.png,True
44010174,True,Aysgarth Garage Country Store,95,2845,2023-09-01,10.png,False
44007752,True,M&S Simply Food,100,2587,2023-01-01,6927474318086011823_Jan 2023.png,False
44005177,True,Londis,100,523,2024-07-01,image.png,True
44008139,True,M&S Simply Food,100,2329,2022-08-01,Screenshot 2024-05-09 at 12.15.30.png,False
44004781,True,Tesco Express,95,1555,2024-10-01,Screenshot 2024-11-17 at 18.32.19.png,True
44002380,False,N/A,50,2329,2024-06-01,1-Full.png,True
44002125,True,Shell Select,75,2845,2016-04-01,Screenshot 2024-11-05 at 20.07.51.png,False
44003665,True,ASDA Express,100,1813,2023-08-01,anthony simpson,False
44007827,True,Londis,100,1813,2024-02-01,Screenshot 2024-05-05 at 21.26.12.png,False
44009825,True,Lifestyle Express,100,2845,2022-02-01,JET,False
44003314,True,The Greenshop,100,2845,2023-09-01,2.PNG,True
44002675,True,Shell Select,95,2845,2021-08-01,Screenshot 2024-04-15 at 16.46.50.png,False
44009041,True,ESS,90,2845,2021-04-01,2.png,False
44009783,True,S.T. LANE,85,523,2024-09-01,81199186-f907-46df-9a24-123690f1b1b4.jpg,True
44005908,True,Morrisons Daily,100,1039,2021-04-01,3,True
44009100,True,Co-op,95,2071,2023-06-01,734736903.png,False
44008190,True,Spar,100,2587,2023-07-01,76193e9f-770d-4edb-9125-b7f83063344a.png,False
44001416,True,Other,95,1297,2022-06-01,Screenshot 2024-02-17 at 15.00.34.png,True
44003794,True,Tesco Extra,100,1297,2024-06-01,Screenshot_20240616_202521.png,True
44009713,True,ASDA,70,2845,2022-11-01,Screenshot 2024-03-13 at 18.27.13.png,False
44009106,True,Londis,90,1039,2024-06-01,Screenshot 2024-06-17 at 12.29.57.png,True
44009083,True,Nisa,70,1039,2024-07-01,gulf.png,True
44007673,True,Premier,90,1297,2023-07-01,Screenshot 2024-05-09 at 20.36.17.png,False
44001871,True,Spar,90,2845,2021-08-01,JET.jpg,False
44002078,True,Tesco Express,100,2587,2022-11-01,Screenshot 2024-05-07 at 17.31.11.png,False
44004471,True,Budgens,95,2845,2024-04-01,photo_5936020260571389258_0x527fca5f4f1364e1_w600-0.jpg,True
44003507,True,Tesco Express,100,2071,2018-05-01,Screenshot_20240217-191855.png,False
44010341,True,Applegreen,95,2845,2023-11-01,3.png,False
44004903,True,Co-op,95,2845,2024-07-01,"Central Co-op Food & Petrol - Sutton-in-Ashfield, England.png",False
44008269,True,Londis,100,1297,2022-10-01,Screenshot 2024-05-07 at 10.27.16.png,True
44005438,True,Spar,100,1813,2023-09-01,1-Full.jpg,False
44007154,True,SPAR,100,2845,2023-11-01,SPAR petrol station,False
44005340,True,Best-one,100,2845,2017-09-01,Screenshot 2024-02-29 at 19.48.42.png,True
44007448,True,Nisa,100,1039,2023-10-01,bp.png,True
44009887,False,none,90,1297,2024-09-01,2.png,True
44001685,True,Eurospar,100,1039,2022-04-01,3181275e-6814-4d36-bf2d-1d7e3c77980d.png,True
44004037,True,SPAR,100,1813,Aug 2023,3.png,False
44002398,True,Spar,100,2845,2016-06-01,347671494-b680b6fd-c174-437b-a679-f23492975595.png,True
44001348,True,Wineflair,95,2071,2023-05-01,Screenshot 2024-05-08 at 21.14.19.png,True
44008349,True,ASDA Express,100,1039,2024-10-01,81a30ef9-b606-4178-988b-567339662c81.png,True
44000310,True,Esso On the Run,90,2845,2024-05-01,Esso,False
44007891,True,M&S Simply Food,100,1297,2019-11-01,Screenshot 2024-03-09 at 16.53.43.png,False
44001449,True,Morrisons Daily,95,2845,2022-09-01,124926.jpg,False
44002596,True,BP Connect,95,2845,2023-10-01,5,False
44008660,True,Spar,100,1297,2024-08-01,no file name available,True
44002108,True,Londis,95,1555,2024-07-01,bp.png,False
44002958,True,Morrisons Daily,100,1813,2024-08-01,Morrisons Petrol Station,True
44005099,True,Morrisons Daily,100,2587,2020-06-01,2.png,False
44007627,True,M&S Simply Food,100,2587,2022-09-01,Screenshot 2024-04-22 at 17.16.21.png,True
44006417,True,Spar,95,2071,2022-06-01,image.png,True
44002795,True,Londis,95,2845,2023-11-01,bp.png,False
44005329,True,M&S Simply Food,95,2845,2023-10-01,Trevor Bischenden,False
44000922,False,N/A,90,2845,N/A,N/A,False
44000875,True,ASDA On the Move,95,2071,2023-05-01,Shell,False
44005411,True,Shell Select,95,1555,2023-04-01,Screenshot 2024-05-08 at 18.19.43.png,True
44004578,True,Esso On the Run,90,1297,2017-01-01,0493-4b21-46d8-b0d4-232c251920c0,False
44000452,True,Eurospar,100,523,2023-07-01,image.png,True
44005601,True,Welcome Break,70,523,2023-05-01,image.png,True
44008924,True,Canal Garage,100,2329,2024-05-01,Screenshot 2024-05-10 at 13.57.35.png,True
44002324,True,Spar,80,1813,2023-07-01,Townsend Garage,False
44004486,True,Applegreen,100,2845,2023-06-01,Applegreen Quinton (Hollybush),False
44009931,True,Budgens,90,2845,2016-11-01,Budgens and Subway,False
44006806,False,,100,523,2021-11-01,image.png,False
44002851,True,Londis,100,2845,2024-05-01,Screenshot 2024-05-16 at 22.30.53.png,False
44007867,True,Tesco Express,100,2329,2021-06-01,Tesco Petrol Station,True
44001938,True,Morrisons Daily,95,2329,2022-11-01,Screenshot 2024-01-03 at 17.05.05.png,False
44006898,True,Little Waitrose & Partners,100,2845,2024-05-01,10.png,False
44009436,True,Riverside Cafe,90,2845,2024-04-01,screenshot_10.png,False
44005939,True,Tesco Express,95,523,2022-05-01,1880198566-024697798c48682a.jpg,True
44002840,True,Shell Select,95,2845,2023-07-01,screenshot_1695361054.png,False
44003260,True,Texaco,90,523,2024-09-01,6147541672-028d4f1d3c-o.png,True
44004747,True,Morrisons Daily,95,2845,2022-08,Screenshot 2024-05-09 at 13.44.57.png,False
44007447,True,Morrisons Daily,100,2329,2023-08-01,bp,False
44008147,True,M&S Simply Food,100,2845,2024-08-07,297297595-b038c0a7-d44d-408a-b326-63618e4d902c.png,True
44009944,True,Eurospar,100,1555,2023-06-01,screenshot_1.png,True
44010717,True,Spar,80,1039,2023-07-01,Screenshot 2024-02-17 at 16.27.11.png,True
44009489,True,,50,2845,2024-09,Screenshot 2024-05-12 at 11.55.50.png,True
44003896,True,Spar,95,2329,2011-08-01,8648ca3c-0c66-4f31-9462-fd6f74f32155.png,True
44001853,True,Morrisons Daily,100,1813,2024-08-01,94 Bishops Rise,True
44003204,True,Tesco Express,90,1039,2021-08-01,image.png,False
44005814,True,Londis,100,1039,2024-10-01,Screenshot 2024-03-20 at 13.21.55.png,True
44005999,True,Tesco Express,100,1555,2024-07-01,Screenshot 2024-05-02 at 17.12.46.png,True
44011043,True,Other,80,1555,2023-10-01,Screenshot 2024-01-04 at 12.48.45.png,True
44008960,True,Bailrigg Service Station,90,2845,2017-02-01,201702.png,False
44010571,True,Unknown,70,523,2023-06-01,image.png,True
44004763,True,ASDA Express,100,2845,2023-04-01,7.png,True
44003172,True,Tesco Express,100,1813,2023-09-01,Screenshot 2024-05-04 at 14.42.34.png,True
44002751,True,Londis,95,2329,2020-10-01,shell-4.png,False
44008904,False,,90,1297,2016-07-01,Sands Garage,True
44004099,True,Shell Select,90,2845,2024-06-01,Screenshot 2024-06-20 at 14.13.34.png,True
44008222,True,Morrisons Daily,100,2845,2023-09-01,1-0.png,True
44005227,True,Budgens,95,2329,2023-04-01,photo_1680020169477_001.png,True
44002455,True,Nisa,95,2845,2021-12-01,JET.jpg,False
44004197,True,ASDA Express,100,2845,2023-07-01,477726914-16252732753206769497141207509n.jpg,False
44002361,True,Nisa,95,523,2024-10-01,image.png,True
44009740,True,M&S Simply Food,100,523,2018-08-01,image.png,True
44001271,True,Londis,95,1297,2022-04-01,Esso Coatbridge,False
44001434,True,Spar,95,2845,2023-05-01,Screenshot_2024-02-17_230401.png,True
44001279,True,Spar,95,523,2024-07-01,411 B4096.png,True
44005042,True,Spar,95,2845,2017-10-01,Screenshot 2024-05-03 at 11.10.44.png,False
44000307,True,Spar,95,2845,2021-12-01,Screenshot 2024-05-03 at 16.47.00.png,False
44005983,True,Londis,90,2329,2022-08-01,62583f6f-7401-409d-aa35-567309377932.png,False
44003081,True,Londis,100,2071,2024-04-01,image.png,False
44005119,True,Morrisons Daily,100,2845,2023-11-01,10.png,False
44004334,True,General Store,90,1813,2023-10-01,1704721887487.jpg,False
44004937,True,Shell Select,80,2845,2022-02-01,3.png,False
44002338,True,Spar,100,2845,2024-01-01,Screenshot 2024-05-03 at 16.46.32.png,False
44001679,True,Spar,95,2845,2023-03-01,20230329_154657.jpg,False
44001562,True,Londis,100,2329,2024-06-01,Screenshot 2024-06-17 at 21.18.16.png,False
44001267,True,little Waitrose,95,2845,2024-11-01,Shell,False
44005734,True,Shell Select,90,2845,2024-10-01,image capture_Oct_2024_144_Manchester_Rd.png,True
44004288,True,Tesco,100,1297,2021-08-01,IMG_0342.PNG,False
44010195,True,ASDA,100,2845,2024-03-01,11.png,False
44005616,True,Spar,95,1555,2021-04-01,Screenshot 2024-02-15 at 21.35.42.png,True
44002462,True,Shell Select,95,2845,2012-07-01,Image capture_Jul 2012. Images may be subject to copyright..png,True
44004227,True,Tesco Express,95,2071,2021-06-01,Screenshot 2024-01-12 at 13.29.17.png,False
44006545,True,Tesco Express,100,1297,2023-06-01,421266994-2450418548420039-6152798821462514361-n.jpg,True
44003208,True,Premier,90,1039,2024-02-01,3.png,False
44007672,True,Spar,100,2845,2022-02-01,2.png,False
44002331,True,Shell Select,95,2845,2023-06-01,shell.jpg,False
44006860,True,null,60,1297,2021-11-01,Screenshot_20240416_143321_Google.jpg,True
44004962,True,M&S Simply Food,100,2845,2022-09-01,12-bp.png,True
44004904,True,ASDA Express,100,2845,2023-05-01,2023_5,False
44000001,True,Licensed Grocers,100,2845,2024-09-01,screenshot_20240229-231526.png,True
44002650,True,Morrisons Daily,95,2845,2024-03-01,Screenshot 2024-04-08 at 13.57.20.png,False
44008678,True,Centra,95,2071,2023-03-01,7.png,True
44009724,True,ASDA Express,95,1297,2023-04-01,Screenshot 2024-05-17 at 13.11.54.png,True
44000725,True,Londis,95,2845,2023-06-01,Screenshot 2024-05-09 at 09.57.21.png,False
44000871,True,Co-op,95,2329,2021-05-01,Screenshot 2024-05-03 at 19.00.27.png,False
44000367,True,Londis,95,1555,2024-07-01,Esso,True
44001340,True,Nisa,80,1039,2024-07-01,Screenshot 2024-05-06 at 23.09.25.png,True
44001859,True,Spar,95,1297,2022-08-01,Screenshot 2024-05-09 at 20.51.44.png,False
44006777,True,ASDA Express,100,1555,2022-10-01,Screenshot 2024-03-08 at 20.00.32.png,True
44006682,True,EUROSPAR,95,2845,2020-01-01,1-Full.png,False
44009302,True,Samkin,95,1039,2022-06-01,Screenshot 2024-02-18 at 21.42.38.png,True
44005071,True,Shell Select,95,2845,2024-08-01,8.png,True
44002064,True,Morrisons Daily,80,2845,2021-03-01,Esso,False
44004630,True,Tesco Express,100,2845,2023-11-01,photo_2023-11-27_15-08-37.jpg,False
44001566,True,Wild Bean Cafe,95,2845,2024-07-01,bp,False
44006176,True,Shell Select,95,2587,2024-11-01,Screenshot 2024-11-28 at 21.10.38.png,False
44001713,True,Tesco Express,100,2845,2023-04-01,10.png,False
44006267,True,Spar,95,2845,2024-01-01,bp,False
44007325,True,Spar,95,2845,2017-12-01,4656.png,False
44008007,True,Morrisons Daily,100,2845,2024-09,Screenshot 2024-05-16 at 19.53.40.png,False
44000911,True,BP Connect,80,1297,2023-07-01,7768914857128467883.png,True
44006457,True,Spar,80,2845,2022-10-01,160054897-6ef297532a63818183593ca6860010c3.jpg,True
44007294,True,Morrisons Daily,100,1555,2023-04-01,1016997654.jpg,True
44001512,True,Shell Select,80,2845,2024-11-01,1.PNG,False
44002920,True,Londis,95,2845,2024-02-01,Screenshot 2024-05-03 at 16.29.56.png,False
44004919,True,Mace,95,2845,2017-03-01,Petro station shop times,False
44009461,True,,60,1039,2021-05-01,Screenshot 2024-05-03 at 11.26.54.png,True
44000077,True,EUROSPAR,100,523,2023-06-01,image.png,True
44000516,True,Esso On the Run,90,2071,2020-08-01,7,False
44009640,True,null,75,2329,2023-10-01,Screenshot 2024-01-06 at 15.18.46.png,True
44002659,True,Esso On the Run,80,1039,2023-03-01,Four Cross Service Station,True
44002646,True,Unknown,50,1039,2022-05-01,Screenshot 2024-05-08 at 11.55.38.png,True
44002796,True,Shell Select,95,1039,2023-10-01,Screenshot 2024-05-03 at 22.20.19.png,True
44004120,True,Premier,95,1555,2023-07-01,Screenshot 2024-04-16 at 12.53.36.png,False
44006016,True,ASDA Express,95,2845,2023-08-01,Screenshot 2024-05-04 at 20.10.57.png,True
44006190,True,Shell Shop,100,1813,2024-07-01,Shell,True
44002458,True,Shell Select,95,2845,2024-10-01,Shell,False
44009125,True,Budgens,100,1039,2024-06-01,Screenshot 2024-05-18 at 16.19.14.png,True
44007274,True,Shell Select,95,2845,2024-08-01,Shell,False
44010412,True,Costco,90,2845,2024-10-01,1.png,False
44007509,True,Nisa,100,2845,2021-07-01,Screenshot 2024-01-03 at 19.57.51.png,False
44001996,True,ASDA Express,100,2329,2022-06-01,Asda Plymouth Exeter Street P....png,True
44000295,True,Shell Select,90,2845,2016-11-01,Screenshot_20240208_154306_Google.jpg,False
44007815,True,Nisa Local,95,2329,2023-12-01,9.png,False
44010591,True,Laverys,100,1039,2024-07-01,Laverys Filling Station,False
44001785,True,Costcutter,95,2845,2024-03-01,45e1f098-a595-4026-82f5-955f3746a559.png,False
44006002,True,Londis,95,2845,2024-07-01,Shell,True
44007171,True,Tesco Express,100,2845,2024-03-01,52111d71-5e83-48a7-8e79-b148c366bb5a.png,False
44010117,True,Londis,100,2845,2021-03-01,Screenshot 2024-01-21 at 20.56.52.png,False
44000243,True,Greggs,95,1297,2022-10-01,2078242426-6805e9139d90.jpg,False
44003144,True,Morrisons Daily,95,2845,2024-09-01,Screenshot 2024-05-08 at 19.39.26.png,False
44003916,True,GoLocal,80,2845,2021-12-01,Marsh Lane Service Station,False
44007974,True,M&S Simply Food,100,2845,2024-06-01,bp,True
44006659,True,Other,80,1813,2022-08-01,2,True
44006268,True,Morrisons Daily,100,2587,2024-01-01,Screenshot 2024-02-23 at 10.44.54.png,False
44003445,True,Spar,95,2845,2020-07-01,Screenshot 2024-01-27 at 19.21.09.png,False
44009951,True,Costcutter,100,523,2021-06-01,image.png,True
44001532,True,Spar,100,1813,2022-03-01,Texaco Elite Garages Caterham,False
44003514,True,M&S Simply Food,100,1297,2017-02-01,image.png,False
44002588,True,Tesco Express,100,2845,2023-09-01,Screenshot 2024-01-19 at 10.38.50.png,True
44000192,True,Tesco Express,95,2587,2021-08-01,Esso,False
44004141,True,BP Connect,90,2071,2018-04-01,image capture_Apr 2018,True
44004401,True,Shell Select,95,2845,2022-07-01,2.png,False
44008218,True,Shell Select,95,1813,2020-02-01,Shell,False
44005341,True,Spar,100,2587,2023-09-01,Screenshot 2024-01-29 at 19.14.09.png,True
44004103,True,Tesco Extra,95,2071,2019-01-01,8500995573737167843,False
44004327,True,Nisa,95,523,2022-05-01,image.png,True
44010978,True,Spar,100,1039,2021-10-01,Screenshot 2024-04-27 at 19.14.07.png,True
44007985,True,best-one,100,1813,2022-06-01,East Lane Service Station,False
44010784,False,null,90,1039,2022-07-01,Screenshot 2024-05-04 at 16.12.24.png,True
44003762,True,Nisa,90,1039,2023-08-01,Screenshot 2024-05-06 at 16.33.58.png,True
44002685,True,Londis,95,2845,2024-04-01,Screenshot 2024-05-03 at 14.28.37.png,False
44004502,True,Spar,100,2845,2023-08-01,Screenshot 2024-11-16 at 08.34.18.png,False
44009121,True,Spar,95,1039,2022-04-01,photo_2.png,False
44002844,True,BP Connect,95,2845,2024-07-01,bp.png,False
44010219,True,ASDA,100,2845,2023-07-01,Asda Cannock Superstore,True
44007933,True,Londis,100,2845,2022-09-01,Sep 2022,False
44000322,True,Nisa Local,100,523,2024-07-01,image.png,True
44007580,True,Morrisons Daily,100,1039,2022-11-01,2024-03-18_19-43-03.png,True
44006527,True,Breeze,90,2845,2023-07-01,2-Screenshot 2024-03-09 at 22.02.17.png,False
44005960,False,,95,1039,2024-06-01,Screenshot_20240622_094349.png,False
44007803,True,Spar,95,2845,2024-02-01,Screenshot 2024-05-02 at 17.57.38.png,False
44005461,True,Tesco Extra,100,1813,2022-03-01,Screenshot 2024-04-27 at 21.22.31.png,True
44008055,True,Tesco Extra,95,1555,2021-08-01,Screenshot 2024-05-02 at 17.01.21.png,False
44002087,True,Tesco Express,95,2329,2020-03-01,Screenshot 2024-03-04 at 20.53.15.png,False
44000736,True,Spar,100,2845,2024-02-01,16,False
44010027,True,Tesco Extra,95,1813,2024-05-01,Screenshot 2024-05-16 at 17.19.40.png,False
44008510,True,ASDA Express,95,2071,2018-06-01,1-GoogleStreetView.png,True
44006692,True,Shell Select,100,2845,2024-04-01,10,False
44005574,True,Shell Select,80,2845,2020-10-01,10.png,False
44006693,True,Tesco Express,100,1555,2017-09-01,Screenshot 2024-02-16 at 23.12.42.png,False
44010127,True,MACE,100,523,2023-07-01,STAR.png,True
44009058,True,Gulf Store,90,2845,2017-10-01,image.png,False
44003670,True,Little Waitrose,95,2845,2019-03-01,Shell,False
44006558,True,Morrisons Daily,95,1297,2023-07-01,Screenshot 2024-02-18 at 11.18.28.png,True
44004433,True,Londis,95,2845,2022-07-01,Shell,True
44003654,True,Londis,100,523,2024-07-01,Esso.png,True
44002360,True,Nisa,70,1039,2024-08-01,Murco,False
44001214,True,Tesco Express,100,2845,2021-04-01,Screenshot 2024-01-25 at 13.02.15.png,False
44008489,True,ASDA Express,95,1039,2023-05-01,Screenshot 2024-05-07 at 20.44.41.png,True
44005015,True,Shell Select,100,2845,2022-12-01,Shell.png,False
44005563,True,Welcome Break,75,2845,2022-07-01,3,False
44010630,True,Spar,95,1039,2022-12-01,Screenshot 2024-05-08 at 16.43.25.png,False
44005963,True,Morrisons Daily,100,2071,2024-07-01,5024_7_12992244464137251441_morrisons.jpg,False
44006282,True,Londis,95,2845,2021-02-01,bp,False
44006059,False,null,10,523,2023-03-01,image.png,True
44003635,True,Londis,95,1297,2023-10-01,Screenshot 2024-02-19 at 23.18.03.png,True
44004156,True,Londis,100,2845,2024-05-01,77 Fergulie,True
44010688,False,,90,1555,2022-08-01,4.png,False
44005622,True,Welcome,100,1039,2022-10-01,Screenshot 2024-04-19 at 11.38.12.png,False
44002150,True,Centra,100,523,2023-03-01,9776311812-55d429d818-o.jpg,True
44009021,True,,50,523,2022-07-01,000.jpg,True
44006880,True,Londis,100,2587,2024-07,Screenshot 2024-01-14 at 20.26.12.png,True
44006634,True,Londis,100,1555,2024-07-01,Screenshot 2024-07-05 at 20.11.39.png,True
44000056,True,ASDA Express,95,523,2024-06-01,0000.png,True
44003759,True,ASDA Express,95,2845,2021-12-01,Esso,True
44007382,True,Premier,100,1039,2024-05-01,315745515-58c58439-3480-42c1-a90f-f2a007e485d7.png,False
44001787,True,Tesco Express,100,2845,2019-01-01,Tesco Petrol Station,False
44006348,True,Nisa,80,523,2024-03-01,097017d5-7375-4861-8697-b86b3d3730b1.jpg,True
44003437,True,Asda,100,2845,2017-10-01,0-Full.png,False
44003303,True,Morrisons Daily,100,2329,2024-09-01,76101037-c686-4153-8a9e-e22995792e95.png,True
44001015,True,Esso On the Run,70,1039,2023-09-01,Screenshot 2024-05-02 at 17.41.16.png,True
44000784,True,Londis,95,1813,2023-02-01,bp,False
44009120,True,Spar,90,1555,2022-04-01,Screenshot 2024-01-15 at 10.47.08.png,False
44000833,True,Londis,95,2587,2023-09-01,screenshot_20240120_111030.png,False
44010608,False,null,100,523,2024-06-01,2478032720-06494480b0.jpg,True
44009212,True,Bulldog,70,523,2023-04-01,74672771-4508-4580-8554-5007b688f812.png,True
44006450,True,Londis,100,2587,2022-07-01,Screenshot 2024-05-04 at 12.54.01.png,True
44010615,True,Central,100,523,2024-08-01,image.png,True
44003846,True,Shell Select,100,2845,2024-05-01,Screenshot 2024-05-16 at 16.39.27.png,False
44005583,True,BP Connect,80,1555,2022-11-01,Screenshot 2024-01-28 at 14.58.28.png,False
44005926,True,Spar,100,523,2023-06-01,image.png,True
44002000,True,Budgens,95,2845,2023-11-01,Screenshot_20240404_085115_Chrome.jpg,False
44003246,True,Park&shop,100,2845,2023-06-01,258 A671,True
44000640,True,Londis,100,2587,2019-02-01,bp,False
44008883,True,Spar,100,523,2022-10-01,97036478-096c-4e0e-a50d-285d49009d6b.jpg,True
44007144,True,Londis,100,523,2023-05-01,Murco.png,True
44008742,True,Esso On the Run,90,1555,2023-06-01,Screenshot 2024-01-08 at 12.05.31.png,True
44010224,False,null,100,2845,2024-09-01,000.jpg,False
44002103,True,Esso On the Run,95,2071,2024-10-01,769816286299,False
44000525,True,Londis,95,2845,2024-03-01,bp,False
44001792,True,ASDA,100,2071,2023-05-01,7.png,False
44009182,True,Nisa,70,1297,2023-08-01,Screenshot 2024-05-04 at 17.03.43.png,False
44002537,True,Morrisons Daily,95,2845,2023-06-01,Screenshot 2024-02-16 at 21.37.59.png,False
44009552,True,HP,75,1555,2023-05-01,Screenshot 2024-05-10 at 22.38.25.png,True
44001694,True,Co-op,100,2587,2023-06,Screenshot 2024-01-21 at 23.03.07.png,True
44005233,True,Spar,95,2587,2024-03-01,shell,True
44010711,False,,100,1039,2023-06-01,Screenshot 2024-01-21 at 21.12.27.png,True
44004918,True,Morrisons Daily,100,523,2022-05-01,72 A620.png,True
44007418,True,Spar,90,2845,2021-11-01,Screenshot 2024-05-17 at 14.59.24.png,False
44009079,True,Spar,90,1297,2022-04-01,1087-4998-8225-5032,False
44003378,True,Shell Select,95,2845,2022-03-01,shell-7.png,False
44004282,True,Shell Select,95,2845,2022-10-01,shell.png,False
44000612,True,Londis,90,2845,2024-06-01,7.png,True
44008231,True,Unknown,50,1297,2023-07-01,Screenshot 2024-05-01 at 12.09.55.png,True
44004687,True,M&S Simply Food,100,2587,2024-08-01,Screenshot 2024-02-08 at 14.04.16.png,True
44002288,True,Londis,100,2587,2024-03,Screenshot 2024-05-09 at 10.32.31.png,False
44006800,True,ASDA Express,95,1555,2022-08-01,Screenshot 2024-01-27 at 12.10.13.png,True
44009970,True,Tesco Express,100,2587,2023-10-01,Tesco Petrol Station,False
44004368,True,Shell Select,80,1555,2024-09-01,Screenshot 2024-11-16 at 20.37.08.png,True
44002099,True,Londis,95,2845,2023-06-01,16-Lonis-Murco-Briscoe.png,False
44000973,True,RaceTrack,90,2845,2024-04-01,15,False
44001129,True,Esso On the Run,90,1555,2023-02-01,"Galashiels, Scotland",False
44001770,True,Spar,95,2587,2024-08-01,Shell,True
44003569,True,Central,95,1555,2024-05-01,Screenshot 2024-06-13 at 13.22.03.png,False
44006533,True,Londis,95,523,2023-08-01,crop_c6b06568-017b-4d7c-950d-56b7958f3922.jpg,True
44003479,True,Shell Select,70,2845,2022-07-01,image.png,True
44002285,True,Londis,95,2071,2018-12-01,7.png,False
44000472,True,Londis,100,2845,2024-06-01,Shell,True
44007994,True,ASDA,100,2845,2024-11-01,Screenshot 2024-11-18 at 21.23.32.png,False
44008429,True,Eurospar,100,523,2023-04-01,0514.png,True
44010149,False,null,100,2845,2023-06-01,97 A1,True
44002443,True,Nisa,70,1555,2022-09-01,491211a6-019e-4e85-bc34-836c607d1a47.png,True
44009821,True,Co-op,70,2587,2023-06-01,Screenshot_20240420-222747.png,True
44008631,True,Siop Y Ddraig Goch,95,2845,2023-04-01,7.png,False
44005321,True,Co-op,100,1039,2023-08-01,photo_Aug 2023,False
44007756,True,Londis,90,2845,2023-06-01,Screenshot 2024-01-26 at 10.35.58.png,True
44010360,True,Starbucks,95,1813,2024-02-01,image.png,False
44003513,True,Co-op,100,1555,2023-08-01,Screenshot 2024-05-09 at 18.06.33.png,True
44001395,False,,100,1297,2024-05-01,Screenshot 2024-05-16 at 14.55.07.png,True
44001261,True,Pitstop Garage & General Store,95,2845,2022-09-01,Screenshot 2024-11-17 at 12.52.53.png,False
44002682,True,Morrisons Daily,100,1813,2024-08-01,morrisons.png,False
44009306,True,Londis,100,2845,2023-09-01,Screenshot 2024-05-01 at 19.26.25.png,False
44006350,True,Spar,80,1813,2024-07-01,6000572448808790242.jpg,True
44001256,True,Tesco Express,90,1555,2024-07-01,Screenshot 2024-02-29 at 16.41.32.png,True
44000144,True,Tesco Express,100,2845,2024-09-01,Screenshot 2024-10-10 at 12.55.52.png,True
44001633,True,Spar,80,2329,2022-03-01,7,True
44003561,True,Morrisons Daily,100,1555,2024-05-01,Screenshot 2024-05-22 at 10.57.33.png,True
44004110,True,Morrisons Daily,95,2845,2022-09-01,no_filename,False
44003823,True,Spar,95,2845,2022-07-01,Screenshot 2024-02-29 at 12.18.21.png,False
44001472,True,Londis,90,2845,2024-04-01,Shell,False
44001217,True,Tesco Express,100,2845,2022-06-01,Screenshot 2024-02-15 at 22.17.42.png,False
44010876,True,Spar,80,2845,2017-12-01,Screenshot 2024-01-17 at 21.40.11.png,False
44006657,True,ASDA Express,95,1039,2023-07-01,photo_1.png,True
44004517,True,Esso On the Run,90,1297,2022-08-01,3.png,True
44006879,True,Nisa,95,2329,2024-08-01,Screenshot 2024-05-09 at 21.20.20.png,True
44009119,True,Gulf,90,1813,2017-09-01,1646844548512.jpg,False
44005561,True,Esso On the Run,75,2845,2023-06-01,Esso,False
44007964,True,Londis,100,1555,2023-10-01,Screenshot 2024-01-12 at 10.39.01.png,True
44006522,True,Greggs,95,2845,2019-08-01,Esso,False
44002761,True,Londis,95,523,2024-10-01,000.png,True
44003590,True,Tesco Express,95,2329,2021-05-01,Tesco Petrol Station.png,True
44009036,True,Esso On the Run,95,1813,2019-09-01,02.png,False
44007883,True,Londis,100,523,2022-03-01,Esso MFG Waterlinks.png,True
44004304,True,Spar,100,1555,2023-08-01,Screenshot 2024-05-05 at 17.26.55.png,True
44008102,True,Londis,100,2071,2016-05-01,1.png,True
44008639,True,Spar,95,1039,2022-04-01,Screenshot 2024-05-12 at 18.21.30.png,False
44003106,False,,100,523,2010-10-01,image.png,True
44009299,True,Royal Parade Stores,100,1297,2023-05-01,3 A287,True
44009577,True,On the Move,95,1297,2024-04-01,Screenshot 2024-05-09 at 10.29.40.png,True
44003219,True,ASDA,100,2845,2021-08-01,Asda Charlton Superstore,False
44003043,True,Spar,90,2587,2022-04-01,Gulf,False
44000229,True,Spar,95,2845,2019-07-01,Applegreen Abertawe 4.png,True
